country,year,population,gdp,Population growth (annual %),electricity_demand (TWh),electricity_generation (TWh),electricity_production_aggregate (TWh),renewables_electricity,renewables_share_elec,fossil_share_elec,low_carbon_share_elec,carbon_intensity_elec,solar_electricity,wind_electricity,hydro_electricity,greenhouse_gas_emissions,Access to electricity (% of total population),Access to Clean Fuels and Technologies for cooking (% of total population),energy_poverty_electricity (% of total population),energy_poverty_multidimensional (% of total population),energy_poverty_electricity_rural (% of rural population),energy_poverty_electricity_urban (% of urban population),electricity_demand_per_capita (MWh),electricity_demand_per_capita_with_access (MWh)
Algeria,2016,40850719.0,569170418715.0,2.05569111181654,70.79,71.04,0.25,0.34,0.479,99.521,0.479,636.4,0.09,0.03,0.22,45.21,99.4,99.6,0.5999999999999943,0.5,1.7000000000000028,0.0999999999999943,1.7328948359513574,1.7433549657458325
Algeria,2017,41689302.0,577138830559.0,2.03200060784518,75.73,76.07,0.3399999999999892,0.64,0.841,99.159,0.841,634.15,0.57,0.01,0.06,48.24,99.5,99.6,0.5,0.4500000000000028,1.4000000000000057,0.0999999999999943,1.8165331719873845,1.8256614793843056
Algeria,2018,42505033.0,584064441740.0,1.93780623340147,76.66,76.75,0.0900000000000034,0.82,1.068,98.932,1.068,632.7,0.69,0.01,0.12,48.56,99.6,99.7,0.4000000000000057,0.3499999999999943,1.0999999999999943,0.0999999999999943,1.8035511229928936,1.810794300193668
Algeria,2019,43294551.0,589905104177.0,1.84041291439333,81.47,81.61,0.1400000000000005,0.87,1.066,98.934,1.066,632.77,0.71,0.01,0.15,51.64,99.5,99.7,0.5,0.4000000000000057,1.2999999999999972,0.2000000000000028,1.8817610557966056,1.8912171415041263
Algeria,2020,44042094.0,559819958223.0,1.71191216459393,79.31,79.37,0.0600000000000022,0.88,1.109,98.891,1.109,632.61,0.82,0.01,0.05,50.21,99.7,99.7,0.2999999999999971,0.2999999999999971,0.9000000000000057,0.0999999999999943,1.8007772291662607,1.806195816616109
Algeria,2021,44761099.0,578853830170.0,1.61936460233826,84.45,85.6,1.1499999999999917,0.81,0.946,99.054,0.946,633.53,0.79,0.01,0.01,54.23,99.8,99.7,0.2000000000000028,0.25,0.7000000000000028,0.0,1.8866828984694948,1.890463826121738
Algeria,2022,45477391.0,595820067103.0,1.58758210690673,88.9,91.47,2.569999999999993,0.86,0.94,99.06,0.94,633.65,0.83,0.01,0.02,57.96,100.0,99.7,0.0,0.1500000000000056,0.7000000000000028,0.0,1.9548175048124463,1.9548175048124463
Algeria,2023,46164222.0,,1.49897601193923,93.44,95.88,2.4399999999999977,0.91,0.949,99.051,0.949,633.61,0.87,0.02,0.02,60.75,100.0,99.7,0.0,0.1500000000000056,0.0,0.0,2.024078300290645,2.024078300290645
Angola,2016,29183072.0,164965166058.0,3.57644143982026,10.98,10.98,0.0,6.43,58.561,41.439,58.561,286.89,0.02,0.0,6.36,3.15,41.8,48.0,58.2,55.1,,32.099999999999994,0.3762455165789263,0.9001088913371443
Angola,2017,30234836.0,164717711409.0,3.54061221486272,10.81,10.81,0.0,7.72,71.415,28.585,71.415,205.37,0.02,0.0,7.65,2.22,42.9,48.2,57.1,54.45,,30.599999999999994,0.3575346001546031,0.8334139863743663
Angola,2018,31297160.0,162550037080.0,3.45323300897802,13.14,13.14,0.0,10.44,79.452,20.548,79.452,154.49,0.02,0.0,10.37,2.03,45.3,48.8,54.7,52.95,92.7,34.7,0.4198464013987211,0.9268132481207972
Angola,2019,32375633.0,161408924528.0,3.38788422184303,15.82,15.82,0.0,11.58,73.198,26.802,73.198,186.47,0.02,0.0,11.51,2.95,45.6,49.2,54.4,52.6,,27.8,0.4886390947166963,1.0715769620980182
Angola,2020,33451139.0,152308692850.0,3.26795864914978,16.81,16.81,0.0,12.71,75.61,24.39,75.61,171.33,0.02,0.0,12.64,2.88,47.0,49.4,53.0,51.8,,26.40000000000001,0.5025239947733917,1.069199988879557
Angola,2021,34532427.0,153971902307.0,3.18132259995095,16.85,16.85,0.0,12.71,75.43,24.57,75.43,172.7,0.02,0.0,12.64,2.91,48.2,49.8,51.8,51.0,,25.0,0.4879471691925968,1.012338525295844
Angola,2022,35635028.0,158346237030.0,3.14302612044601,17.31,17.31,0.0,13.08,75.563,24.437,75.563,172.16,0.39,0.0,12.64,2.98,48.5,50.0,51.5,50.75,,23.8,0.4857580019300111,1.0015628905773426
Angola,2023,36749909.0,,3.08065530722915,15.75,15.75,0.0,11.66,74.032,25.968,74.032,183.49,0.39,0.0,11.22,2.89,51.1,50.2,48.9,49.35,,22.099999999999994,0.4285724897985462,0.838693717805374
Benin,2016,11697845.0,23134706997.0,2.92460216679542,1.36,0.27,-1.09,0.0,0.0,100.0,0.0,666.67,0.0,0.0,0.0,0.18,37.0,5.2,63.0,78.9,84.8,37.5,0.1162607300746419,0.3142181893909241
Benin,2017,12039777.0,24568275710.0,2.88117869411855,1.43,0.32,-1.11,0.0,0.0,100.0,0.0,625.0,0.0,0.0,0.0,0.2,34.5,5.4,65.5,80.05,82.8,45.8,0.1187729639842997,0.3442694608240571
Benin,2018,12383349.0,26346543293.0,2.8136418840483,1.48,0.19,-1.29,0.0,0.0,100.0,0.0,631.58,0.0,0.0,0.0,0.12,39.0,5.4,61.0,77.8,83.7,35.7,0.1195153265889542,0.3064495553562929
Benin,2019,12726760.0,28155410176.0,2.73538842831436,1.63,0.54,-1.09,0.01,1.852,98.148,1.852,611.11,0.01,0.0,0.0,0.33,40.0,5.5,60.0,77.25,83.1,34.8,0.1280765882282686,0.3201914705706715
Benin,2020,13070169.0,29239039610.0,2.66259875153288,1.63,0.99,-0.6399999999999999,0.01,1.01,98.99,1.01,595.96,0.01,0.0,0.0,0.59,41.0,5.7,59.0,76.65,82.6,33.900000000000006,0.1247114708310198,0.3041743191000484
Benin,2021,13413423.0,31331235336.0,2.59230167510348,1.82,1.13,-0.6900000000000002,0.02,1.77,98.23,1.77,584.07,0.02,0.0,0.0,0.66,42.0,5.8,58.0,76.1,82.0,33.0,0.1356849776526096,0.3230594706014515
Benin,2022,13759507.0,33290362034.0,2.54740926342667,1.82,0.99,-0.8300000000000001,0.02,2.02,97.98,2.02,595.96,0.02,0.0,0.0,0.59,56.5,5.9,43.5,68.8,54.5,28.90000000000001,0.132272180972763,0.2341100548190496
Benin,2023,14111035.0,,2.52274772277722,2.29,1.0,-1.29,0.03,3.0,97.0,3.0,590.0,0.03,0.0,0.0,0.59,57.0,6.0,43.0,68.5,56.3,29.700000000000003,0.1622843398801009,0.2847093682107033
Botswana,2016,2234784.0,32359220755.0,1.41970172619868,4.36,2.69,-1.6700000000000004,0.0,0.0,100.0,0.0,858.74,0.0,0.0,0.0,2.31,64.2,63.1,35.8,36.35,71.2,19.099999999999994,1.9509715480332772,3.038896492263672
Botswana,2017,2266749.0,33690154993.0,1.42047647332447,4.24,3.02,-1.2200000000000002,0.0,0.0,100.0,0.0,857.62,0.0,0.0,0.0,2.59,67.4,63.5,32.599999999999994,34.55,69.0,16.0,1.8705202913952976,2.7752526578565244
Botswana,2018,2299149.0,35101769105.0,1.41898108514606,3.82,3.11,-0.71,0.01,0.322,99.678,0.322,855.31,0.01,0.0,0.0,2.66,68.3,64.1,31.700000000000003,33.80000000000001,70.9,14.5,1.6614843144137244,2.4326271074871517
Botswana,2019,2332082.0,36166405883.0,1.42262847077389,3.52,2.51,-1.0100000000000002,0.01,0.398,99.602,0.398,852.59,0.01,0.0,0.0,2.14,70.1,64.7,29.90000000000001,32.599999999999994,72.1,12.0,1.5093808879790676,2.1531824364893977
Botswana,2020,2365895.0,33010529929.0,1.4394103578493,4.23,2.18,-2.0500000000000003,0.01,0.459,99.541,0.459,848.62,0.01,0.0,0.0,1.85,71.8,65.1,28.200000000000003,31.55000000000001,73.8,9.400000000000006,1.787906902039186,2.49012103348076
Botswana,2021,2401448.0,36918974292.0,1.49130106425067,4.15,2.49,-1.66,0.01,0.402,99.598,0.402,847.39,0.01,0.0,0.0,2.11,73.7,65.6,26.3,30.349999999999994,75.0,6.900000000000006,1.7281240318341269,2.344808727047662
Botswana,2022,2439895.0,39293967463.0,1.58848021878269,4.36,2.56,-1.8000000000000005,0.01,0.391,99.609,0.391,847.66,0.01,0.0,0.0,2.17,75.9,66.0,24.099999999999994,29.05,75.0,4.5,1.786962143862748,2.354363825906124
Botswana,2023,2480242.0,,1.64031664035479,4.74,3.23,-1.5100000000000002,0.01,0.31,99.69,0.31,854.49,0.01,0.0,0.0,2.76,76.0,66.4,24.0,28.8,75.0,2.299999999999997,1.911103835835374,2.514610310309703
Burkina Faso,2016,19334854.0,27931683815.0,2.92508251378454,1.62,0.99,-0.6300000000000001,0.16,16.162,83.838,16.162,555.56,0.02,0.0,0.14,0.55,16.6,9.8,83.4,86.8,,40.3,0.0837865132056337,0.5047380313592392
Burkina Faso,2017,19894413.0,29664279937.0,2.85291595529266,1.77,1.12,-0.6499999999999999,0.16,14.286,85.714,14.286,562.5,0.03,0.0,0.13,0.63,17.0,10.6,83.0,86.2,,38.6,0.0889697021972952,0.5233511893958547
Burkina Faso,2018,20438289.0,31623015393.0,2.69713675384815,2.71,1.87,-0.8399999999999999,0.27,14.439,85.562,14.439,566.85,0.09,0.0,0.13,1.06,14.4,11.7,85.6,86.95,,37.7,0.132594269510525,0.9207935382675352
Burkina Faso,2019,20961956.0,33422048798.0,2.52989803984158,2.68,1.6,-1.08,0.26,16.25,83.75,16.25,556.25,0.09,0.0,0.11,0.89,17.6,12.5,82.4,84.95,,35.400000000000006,0.1278506643177764,0.7264242290782753
Burkina Faso,2020,21478691.0,34067429050.0,2.43522959287393,3.02,1.59,-1.43,0.3,18.868,81.132,18.868,547.17,0.09,0.0,0.11,0.87,18.5,13.5,81.5,84.0,,33.900000000000006,0.1406044716598418,0.7600241711342802
Burkina Faso,2021,21995249.0,36419784717.0,2.37649218888363,3.23,1.71,-1.52,0.31,18.129,81.871,18.129,549.71,0.09,0.0,0.13,0.94,19.0,14.6,81.0,83.2,,32.400000000000006,0.1468498947204462,0.7728941827391906
Burkina Faso,2022,22509038.0,37320442404.0,2.30907147387783,3.18,1.69,-1.4900000000000002,0.26,15.385,84.615,15.385,568.05,0.09,0.0,0.08,0.96,19.5,15.9,80.5,82.3,96.6,39.5,0.1412765840992405,0.7244953030730281
Burkina Faso,2023,23025777.0,,2.26973666268599,3.27,1.69,-1.58,0.27,15.976,84.024,15.976,562.13,0.09,0.0,0.09,0.95,21.7,17.0,78.3,80.65,98.0,37.4,0.1420147515543123,0.654445859697292
Burundi,2016,11239459.0,7554391939.0,1.72186004024144,0.31,0.18,-0.13,0.16,88.889,11.111,88.889,55.56,0.01,0.0,0.14,0.01,8.5,0.2,91.5,95.65,98.5,42.4,0.0275813987132298,0.3244870436850574
Burundi,2017,11506764.0,7833860723.0,2.35048627086438,0.37,0.28,-0.0899999999999999,0.21,75.0,25.0,75.0,178.57,0.01,0.0,0.19,0.05,9.3,0.2,90.7,95.25,98.3,38.2,0.0321550003111213,0.3457526915174339
Burundi,2018,11859444.0,8207327776.0,3.01898182778662,0.45,0.35,-0.1,0.25,71.429,28.571,71.429,228.57,0.0,0.0,0.24,0.08,9.5,0.2,90.5,95.15,98.0,40.2,0.0379444432639506,0.3994151922521122
Burundi,2019,12255339.0,8573379471.0,3.28367531420808,0.49,0.39,-0.0999999999999999,0.27,69.231,30.769,69.231,230.77,0.0,0.0,0.26,0.09,9.8,0.15,90.2,95.025,98.0,39.2,0.0399825741254485,0.4079854502596786
Burundi,2020,12617041.0,8635657446.0,2.9086530249822,0.46,0.37,-0.09,0.28,75.676,24.324,75.676,189.19,0.0,0.0,0.27,0.07,9.1,0.1,90.9,95.4,99.1,39.5,0.0364586276607962,0.4006442600087497
Burundi,2021,12965487.0,8956206318.0,2.72425539520386,0.49,0.39,-0.0999999999999999,0.27,69.231,30.769,69.231,230.77,0.0,0.0,0.26,0.09,10.2,0.1,89.8,94.85,98.4,37.2,0.037792641340815,0.3705160915766181
Burundi,2022,13321102.0,9177077459.0,2.70585008916716,0.49,0.39,-0.0999999999999999,0.27,69.231,30.769,69.231,230.77,0.0,0.0,0.26,0.09,10.3,0.2,89.7,94.75,98.4,36.0,0.0367837435671613,0.3571237239530226
Burundi,2023,13689455.0,,2.72764441044431,0.6,0.5,-0.0999999999999999,0.38,76.0,24.0,76.0,180.0,0.0,0.0,0.37,0.09,11.6,0.1,88.4,94.15,97.7,35.0,0.0438293562453728,0.3778392779773518
Cameroon,2016,23454165.0,68936963106.0,2.98933225067819,7.16,7.11,-0.0499999999999998,4.38,61.603,38.397,61.603,299.58,0.01,0.0,4.33,2.13,59.8,23.6,40.2,58.3,78.2,9.400000000000006,0.3052762696945297,0.5104954342717889
Cameroon,2017,24128609.0,71378025048.0,2.83499798189177,8.11,8.05,-0.0599999999999987,5.1,63.354,36.646,63.354,288.2,0.02,0.0,5.04,2.32,60.9,24.35,39.1,57.375,77.6,8.599999999999994,0.3361155216199988,0.5519138286042674
Cameroon,2018,24806377.0,74248839020.0,2.77030987519388,8.59,8.54,-0.0500000000000007,5.03,58.899,41.101,58.899,324.36,0.02,0.0,4.97,2.77,62.2,25.3,37.8,56.25,73.7,10.0,0.3462819258128666,0.5567233533968916
Cameroon,2019,25506095.0,76789634582.0,2.78164441246944,8.33,8.28,-0.0500000000000007,5.09,61.473,38.527,61.473,305.56,0.02,0.0,5.03,2.53,63.2,26.3,36.8,55.25,76.4,6.900000000000006,0.3265886055862334,0.5167541227630276
Cameroon,2020,26210566.0,77203536828.0,2.7244863481235,8.86,8.8,-0.0599999999999987,5.29,60.114,39.886,60.114,320.46,0.02,0.0,5.23,2.82,64.3,27.4,35.7,54.150000000000006,75.8,6.099999999999994,0.3380316167151827,0.5257101348603153
Cameroon,2021,26915765.0,80020685294.0,2.65496076580698,8.41,8.41,0.0,5.29,62.901,37.099,62.901,298.45,0.02,0.0,5.23,2.51,65.4,28.4,34.599999999999994,53.1,75.2,5.299999999999997,0.3124562872353804,0.4777619070877376
Cameroon,2022,27632770.0,82727797383.0,2.62905090961273,8.15,8.15,0.0,5.29,64.908,35.092,64.908,280.98,0.02,0.0,5.23,2.29,71.0,29.4,29.0,49.8,75.0,6.0,0.2949396676482307,0.4154079826031419
Cameroon,2023,28372690.0,,2.64245336134821,7.28,7.22,-0.0600000000000005,5.29,73.269,26.731,73.269,224.38,0.02,0.0,5.23,1.62,72.0,30.7,28.0,48.65,74.0,4.200000000000003,0.2565847651385892,0.3563677293591517
Cape Verde,2016,512556.0,3573126874.0,0.0312210963482392,0.45,0.45,0.0,0.09,20.0,80.0,20.0,533.33,0.01,0.08,0.0,0.24,87.5,76.6,12.5,17.950000000000003,21.200000000000003,7.700000000000003,0.8779528480790392,1.003374683518902
Cape Verde,2017,512899.0,3751791578.0,0.0661175101881539,0.43,0.43,0.0,0.08,18.605,81.395,18.605,534.88,0.01,0.07,0.0,0.23,88.6,77.7,11.400000000000006,16.849999999999994,18.8,7.5,0.838371687213272,0.946243439292632
Cape Verde,2018,513418.0,3892648372.0,0.101723857752759,0.43,0.43,0.0,0.09,20.93,79.07,20.93,511.63,0.01,0.08,0.0,0.22,90.2,78.9,9.799999999999995,15.449999999999989,15.400000000000006,6.900000000000006,0.8375242005539346,0.92851906935026
Cape Verde,2019,514116.0,4189894317.0,0.134109462358547,0.44,0.44,0.0,0.08,18.182,81.818,18.182,545.46,0.01,0.07,0.0,0.24,91.4,79.7,8.599999999999994,14.449999999999989,12.700000000000005,6.5,0.8558379820896451,0.9363654071002682
Cape Verde,2020,514683.0,3381126423.0,0.11178257414313,0.42,0.42,0.0,0.07,16.667,83.333,16.667,547.62,0.01,0.06,0.0,0.23,93.7,81.0,6.299999999999997,12.650000000000006,7.299999999999997,5.700000000000003,0.8160362786414161,0.8709031789129308
Cape Verde,2021,516655.0,3611420923.0,0.38203217521266,0.43,0.43,0.0,0.08,18.605,81.395,18.605,534.88,0.01,0.07,0.0,0.23,95.5,82.1,4.5,11.200000000000005,3.0999999999999943,5.099999999999994,0.8322768578645324,0.8714940920047459
Cape Verde,2022,519750.0,4251154554.0,0.596688345869947,0.5,0.5,0.0,0.14,28.0,72.0,28.0,480.0,0.07,0.07,0.0,0.24,97.1,83.0,2.9000000000000057,9.950000000000005,3.0999999999999943,4.700000000000003,0.962000962000962,0.990732195675553
Cape Verde,2023,522335.0,,0.497087597239901,0.5,0.5,0.0,0.14,28.0,72.0,28.0,480.0,0.07,0.07,0.0,0.24,98.6,83.9,1.4000000000000057,8.75,3.0999999999999943,3.5,0.9572400853858156,0.9708317296002188
Central African Republic,2016,4713663.0,3265229504.0,1.80553237158984,0.17,0.17,0.0,0.17,100.0,0.0,100.0,0.0,0.0,0.0,0.17,0.0,13.4,0.7,86.6,92.95,98.3,69.5,0.0360653699681118,0.2691445520008346
Central African Republic,2017,4793512.0,3421678627.0,1.67978155291511,0.15,0.15,0.0,0.15,100.0,0.0,100.0,0.0,0.0,0.0,0.15,0.0,14.1,0.7,85.9,92.6,97.9,68.6,0.0312922967544464,0.2219311826556484
Central African Republic,2018,4878663.0,3557270233.0,1.76068487647458,0.15,0.15,0.0,0.15,100.0,0.0,100.0,0.0,0.0,0.0,0.15,0.0,14.6,0.7,85.4,92.35,97.8,67.8,0.0307461286012171,0.210589921926145
Central African Republic,2019,4944708.0,3662931320.0,1.34469255324203,0.15,0.15,0.0,0.15,100.0,0.0,100.0,0.0,0.0,0.0,0.15,0.0,14.3,0.8,85.7,92.45,98.5,67.9,0.030335461669324,0.2121360955896786
Central African Republic,2020,5026629.0,3698072848.0,1.64324789708014,0.15,0.15,0.0,0.15,100.0,0.0,100.0,0.0,0.0,0.0,0.15,0.0,15.4,0.8,84.6,91.9,98.1,66.1,0.029841072416524,0.1937731975098965
Central African Republic,2021,5112103.0,3734422040.0,1.68608971248183,0.15,0.15,0.0,0.15,100.0,0.0,100.0,0.0,0.0,0.0,0.15,0.0,15.7,0.9,84.3,91.7,98.4,65.3,0.02934213179977,0.1868925592342043
Central African Republic,2022,5098038.0,3752056621.0,-0.275432271573156,0.14,0.14,0.0,0.14,100.0,0.0,100.0,0.0,0.0,0.0,0.14,0.0,15.7,1.0,84.3,91.65,98.4,65.3,0.0274615450100607,0.1749142994271384
Central African Republic,2023,5152415.0,,1.06107453184959,0.14,0.14,0.0,0.14,100.0,0.0,100.0,0.0,0.0,0.0,0.14,0.0,17.6,1.0,82.4,90.7,97.7,62.6,0.02717172432733,0.154384797314375
Chad,2016,15114652.0,23529405356.0,3.13868697646131,0.31,0.31,0.0,0.02,6.452,93.548,6.452,612.9,0.0,0.01,0.0,0.19,9.2,4.7,90.8,93.05,97.2,68.9,0.0205098999302134,0.222933694893624
Chad,2017,15622756.0,22969403286.0,3.30639583736028,0.32,0.32,0.0,0.02,6.25,93.75,6.25,625.0,0.0,0.01,0.0,0.2,10.9,5.2,89.1,91.95,95.8,66.4,0.020482941678152,0.1879168961298353
Chad,2018,16156535.0,23510339039.0,3.35956028710956,0.34,0.34,0.0,0.02,5.882,94.118,5.882,617.65,0.0,0.01,0.0,0.21,10.1,5.9,89.9,92.0,97.7,64.0,0.0210441162043717,0.2083575861818989
Chad,2019,16685223.0,24314153239.0,3.21991132048391,0.35,0.35,0.0,0.02,5.714,94.286,5.714,628.57,0.0,0.01,0.0,0.22,8.4,6.6,91.6,92.5,,63.3,0.0209766450229643,0.2497219645590991
Chad,2020,17224686.0,23793345004.0,3.18197036099619,0.35,0.35,0.0,0.02,5.714,94.286,5.714,628.57,0.0,0.01,0.0,0.22,10.9,7.4,89.1,90.85,98.4,59.2,0.0203196737519627,0.1864190252473645
Chad,2021,17828274.0,23531147275.0,3.44423869357111,0.43,0.43,0.0,0.02,4.651,95.349,4.651,627.91,0.0,0.01,0.0,0.27,11.3,8.0,88.7,90.35,98.7,56.8,0.0241189921133139,0.2134424080824242
Chad,2022,18455319.0,24118013870.0,3.45668911084691,0.39,0.39,0.0,0.02,5.128,94.872,5.128,615.39,0.0,0.01,0.0,0.24,11.7,8.8,88.3,89.75,98.7,53.7,0.021132119146789,0.1806164029640091
Chad,2023,19319075.0,,4.57399213394625,0.36,0.36,0.0,0.02,5.556,94.444,5.556,611.11,0.0,0.01,0.0,0.22,12.0,9.7,88.0,89.15,99.6,51.9,0.0186344325491774,0.1552869379098119
Comoros,2016,741745.0,1356063486.0,2.05111578193354,0.06,0.06,0.0,0.0,0.0,100.0,0.0,666.67,0.0,0.0,0.0,0.04,76.4,6.0,23.599999999999994,58.8,29.90000000000001,7.799999999999997,0.0808903329311286,0.1058773991245139
Comoros,2017,756672.0,1426021134.0,1.99257798738542,0.09,0.09,0.0,0.0,0.0,100.0,0.0,666.67,0.0,0.0,0.0,0.06,78.7,6.6,21.3,57.35,27.40000000000001,6.099999999999994,0.1189418929205785,0.151133281982946
Comoros,2018,771597.0,1479483924.0,1.95274153616222,0.1,0.1,0.0,0.0,0.0,100.0,0.0,700.0,0.0,0.0,0.0,0.07,81.0,7.1,19.0,55.95,24.90000000000001,4.400000000000006,0.1296013333385174,0.160001646096935
Comoros,2019,786582.0,1533170985.0,1.92385702700328,0.11,0.11,0.0,0.0,0.0,100.0,0.0,636.36,0.0,0.0,0.0,0.07,83.3,7.7,16.700000000000003,54.5,22.40000000000001,2.700000000000003,0.1398455596492165,0.1678818243087833
Comoros,2020,802172.0,1594579416.0,1.96199379762606,0.13,0.13,0.0,0.0,0.0,100.0,0.0,692.31,0.0,0.0,0.0,0.09,85.6,8.3,14.400000000000006,53.05,19.90000000000001,1.0,0.1620600070807757,0.1893224381784763
Comoros,2021,818178.0,1639163875.0,1.97631988078353,0.13,0.13,0.0,0.0,0.0,100.0,0.0,692.31,0.0,0.0,0.0,0.09,87.9,9.0,12.099999999999994,51.55,17.099999999999994,0.0,0.1588896303738306,0.1807618092990109
Comoros,2022,834191.0,1682076951.0,1.93837687010445,0.14,0.14,0.0,0.0,0.0,100.0,0.0,642.86,0.0,0.0,0.0,0.09,89.9,9.7,10.099999999999994,50.2,17.099999999999994,0.0,0.1678272721714811,0.1866821714921925
Comoros,2023,850390.0,,1.92327433672711,0.14,0.14,0.0,0.0,0.0,100.0,0.0,642.86,0.0,0.0,0.0,0.09,89.8,10.4,10.200000000000005,49.9,13.900000000000006,1.7000000000000028,0.164630346076506,0.1833300067667105
Congo,2016,5222545.0,26313174327.0,2.42169941927317,2.97,2.97,0.0,1.15,38.721,61.279,38.721,558.92,0.0,0.0,1.12,1.66,45.3,27.9,54.7,63.400000000000006,88.4,37.3,0.5686882544812921,1.2553824602236032
Congo,2017,5351013.0,25159867387.0,2.43024073423953,2.98,2.98,0.0,1.22,40.94,59.06,40.94,543.62,0.0,0.0,1.19,1.62,46.2,29.8,53.8,62.0,88.2,36.4,0.5569038983833529,1.2054196934704606
Congo,2018,5483128.0,23950933949.0,2.43884022378671,3.08,3.08,0.0,1.08,35.065,64.935,35.065,594.16,0.0,0.0,1.05,1.83,47.0,31.85,53.0,60.575,88.2,35.5,0.5617231623992728,1.1951556646793038
Congo,2019,5616656.0,24196673159.0,2.40634419722279,3.87,3.89,0.02,1.08,27.763,72.237,27.763,655.53,0.0,0.0,1.05,2.55,47.7,33.7,52.3,59.3,88.6,34.7,0.6890220800419324,1.4444907338405293
Congo,2020,5752792.0,22696964187.0,2.39477691216791,4.01,4.01,0.0,1.08,26.933,73.067,26.933,663.34,0.0,0.0,1.05,2.66,48.7,35.4,51.3,57.95,88.2,33.8,0.6970528397341673,1.431319999454142
Congo,2021,5892187.0,23037421913.0,2.39414288318435,4.11,4.11,0.0,1.08,26.277,73.723,26.277,669.1,0.0,0.0,1.05,2.75,49.7,37.5,50.3,56.4,87.6,33.0,0.6975338698517207,1.4034886717338444
Congo,2022,6035104.0,23679011891.0,2.39665300284304,4.95,4.95,0.0,1.08,21.818,78.182,21.818,707.07,0.0,0.0,1.05,3.5,50.6,38.8,49.4,55.3,87.6,32.5,0.8202012757360934,1.620951137818366
Congo,2023,6182890.0,,2.41919038084212,5.31,5.36,0.0500000000000007,1.26,23.507,76.493,23.507,692.16,0.01,0.0,1.22,3.71,51.3,40.1,48.7,54.3,89.2,30.599999999999994,0.8588216837110154,1.6741163425165992
Cote d'Ivoire,2016,25989404.0,87711151924.0,2.90076810314127,9.02,10.23,1.2100000000000009,1.68,16.422,83.578,16.422,475.07,0.0,0.0,1.51,4.86,64.3,28.0,35.7,53.85,63.3,8.0,0.3470645190632305,0.539758194499581
Cote d'Ivoire,2017,26733376.0,93099253173.0,2.82237176165589,8.26,10.12,1.8599999999999997,2.15,21.245,78.755,21.245,446.64,0.01,0.0,2.03,4.52,65.6,30.2,34.400000000000006,52.1,61.6,7.5,0.3089770629792511,0.4710016203951999
Cote d'Ivoire,2018,27464175.0,96591406762.0,2.69696827034562,8.99,10.04,1.049999999999999,3.0,29.88,70.12,29.88,399.4,0.01,0.0,2.93,4.01,67.1,32.3,32.900000000000006,50.3,59.6,6.900000000000006,0.3273355198180903,0.4878323693265132
Cote d'Ivoire,2019,28193014.0,104618149506.0,2.61916841176218,9.57,10.66,1.09,3.53,33.114,66.886,33.114,382.74,0.01,0.0,3.45,4.08,68.6,34.7,31.40000000000001,48.35,57.9,6.299999999999997,0.3394457932025288,0.4948189405284677
Cote d'Ivoire,2020,28915452.0,106396657387.0,2.53019803537112,10.14,11.26,1.1199999999999992,3.44,30.551,69.449,30.551,396.09,0.02,0.0,3.35,4.46,69.9,36.9,30.099999999999994,46.6,56.3,5.700000000000003,0.3506775546859859,0.5016846275908238
Cote d'Ivoire,2021,29639737.0,113844428305.0,2.47398737434864,10.8,11.35,0.5499999999999989,2.71,23.877,76.123,23.877,431.72,0.02,0.0,2.61,4.9,71.1,39.35,28.90000000000001,44.775000000000006,54.8,5.099999999999994,0.364375702793854,0.5124834075862926
Cote d'Ivoire,2022,30395004.0,121471995793.0,2.51622934953513,11.85,12.61,0.7599999999999998,3.45,27.359,72.641,27.359,413.16,0.02,0.0,3.35,5.21,72.0,41.7,28.0,43.15,54.7,5.0,0.3898667030937058,0.5414815320745914
Cote d'Ivoire,2023,31165653.0,,2.50384681190665,10.27,10.98,0.7100000000000009,3.31,30.146,69.854,30.146,398.91,0.02,0.0,3.2,4.38,72.4,44.1,27.599999999999994,41.75,52.0,6.099999999999994,0.3295294342140047,0.4551511522292882
Democratic Republic of the Congo,2016,83956416.0,69841412960.0,3.54100823238224,9.73,9.02,-0.7100000000000009,9.01,99.889,0.111,99.889,24.39,0.0,0.0,9.01,0.22,17.3,4.0,82.7,89.35,99.0,61.4,0.115893465485711,0.6699044247728962
Democratic Republic of the Congo,2017,87083400.0,72396212035.0,3.65684620577994,10.15,9.42,-0.7300000000000004,9.41,99.894,0.106,99.894,24.42,0.01,0.0,9.39,0.23,18.0,4.1,82.0,88.95,99.0,60.3,0.1165549346947868,0.6475274149710379
Democratic Republic of the Congo,2018,90047647.0,75889338637.0,3.34726508426912,11.19,10.46,-0.7299999999999986,10.45,99.904,0.096,99.904,24.86,0.01,0.0,10.43,0.26,18.7,4.2,81.3,88.55,99.0,59.2,0.124267544714411,0.6645323246759948
Democratic Republic of the Congo,2019,92947450.0,79292965259.0,3.1695285579572,12.71,11.79,-0.9200000000000016,11.78,99.915,0.085,99.915,24.6,0.01,0.0,11.76,0.29,19.1,4.4,80.9,88.25,99.0,58.8,0.1367439343413939,0.7159368290125339
Democratic Republic of the Congo,2020,95990000.0,80617953765.0,3.22098049233111,13.63,12.49,-1.1400000000000006,12.48,99.92,0.08,99.92,24.82,0.02,0.0,12.45,0.31,20.1,4.4,79.9,87.75,99.0,57.2,0.1419939577039275,0.7064376005170521
Democratic Republic of the Congo,2021,99148930.0,85639643645.0,3.23790848096045,15.6,14.19,-1.41,14.19,100.0,0.0,100.0,25.37,1.05,0.0,13.13,0.36,20.8,4.6,79.2,87.3,99.0,56.2,0.1573390655854783,0.7564378153147996
Democratic Republic of the Congo,2022,102396974.0,91314988450.0,3.2234019442495,16.64,15.31,-1.33,15.31,100.0,0.0,100.0,26.78,2.11,0.0,13.19,0.41,21.5,4.8,78.5,86.85,99.0,54.7,0.1625048021438602,0.7558362890412104
Democratic Republic of the Congo,2023,105789733.0,,3.25963514299902,17.07,15.63,-1.4399999999999995,15.63,100.0,0.0,100.0,26.87,2.2,0.0,13.42,0.42,22.1,5.0,77.9,86.45,99.0,44.4,0.1613578134278872,0.7301258526148741
Djibouti,2016,1037660.0,2612607480.0,1.68519891610854,0.54,0.09,-0.45,0.0,0.0,100.0,0.0,666.67,0.0,0.0,0.0,0.06,59.8,8.7,40.2,65.75,70.5,31.40000000000001,0.520401672995008,0.8702369113628896
Djibouti,2017,1054844.0,2767106002.0,1.64286125399062,0.57,0.06,-0.51,0.0,0.0,100.0,0.0,666.67,0.0,0.0,0.0,0.04,60.2,9.0,39.8,65.4,,30.0,0.5403642623933017,0.8976150538094714
Djibouti,2018,1071886.0,2924431711.0,1.60259372935612,0.58,0.05,-0.5299999999999999,0.0,0.0,100.0,0.0,600.0,0.0,0.0,0.0,0.03,62.4,9.3,37.6,64.15,66.4,29.40000000000001,0.5411023187167292,0.8671511517896302
Djibouti,2019,1088710.0,3086593147.0,1.55766086478885,0.6,0.09,-0.51,0.0,0.0,100.0,0.0,666.67,0.0,0.0,0.0,0.06,64.7,9.45,35.3,62.925,59.7,28.40000000000001,0.5511109478189784,0.8517943552070764
Djibouti,2020,1105193.0,3123694253.0,1.50228656339009,0.63,0.13,-0.5,0.0,0.0,100.0,0.0,692.31,0.0,0.0,0.0,0.09,64.5,9.7,35.5,62.9,64.2,27.40000000000001,0.5700361837253765,0.8837770290315915
Djibouti,2021,1121251.0,3274020536.0,1.44268944208775,0.71,0.2,-0.51,0.07,35.0,65.0,35.0,450.0,0.0,0.07,0.0,0.09,65.4,9.8,34.599999999999994,62.4,63.4,26.5,0.6332212858673035,0.968228265852146
Djibouti,2022,1137101.0,3395681646.0,1.40352932560807,0.71,0.2,-0.51,0.07,35.0,65.0,35.0,450.0,0.0,0.07,0.0,0.09,65.0,9.8,35.0,62.6,63.4,27.200000000000003,0.6243948426744854,0.960607450268439
Djibouti,2023,1152951.0,,1.38410272350128,0.71,0.2,-0.51,0.07,35.0,65.0,35.0,450.0,0.0,0.07,0.0,0.09,65.2,10.0,34.8,62.4,63.0,25.40000000000001,0.6158110795688628,0.9444955208111392
Egypt,2016,101644583.0,1121578599865.0,2.03468294927084,187.92,188.19,0.2700000000000102,15.83,8.412,91.588,8.412,592.97,0.23,2.4,13.2,111.59,100.0,99.8,0.0,0.0999999999999943,0.0,0.0,1.8487950312118453,1.8487950312118453
Egypt,2017,103696055.0,1158060486104.0,1.99817843887244,192.87,193.21,0.3400000000000034,15.5,8.022,91.978,8.022,594.69,0.6,2.11,12.79,114.9,100.0,99.9,0.0,0.0499999999999971,0.0,0.0,1.8599550387910129,1.8599550387910129
Egypt,2018,105682092.0,1220661740193.0,1.89713831833082,198.82,199.39,0.5699999999999932,16.46,8.255,91.745,8.255,592.41,0.55,2.99,12.92,118.12,100.0,99.9,0.0,0.0499999999999971,0.0,0.0,1.881302652487235,1.881302652487235
Egypt,2019,107553159.0,1289253465646.0,1.75497438173801,199.78,200.57,0.789999999999992,19.59,9.767,90.233,9.767,582.49,1.49,4.98,13.12,116.83,100.0,99.9,0.0,0.0499999999999971,0.0,0.0,1.8575000665484869,1.8575000665484869
Egypt,2020,109315118.0,1307778142529.0,1.62495386951696,197.18,198.6,1.4199999999999875,23.76,11.964,88.036,11.964,569.08,4.45,5.23,14.08,113.02,100.0,99.9,0.0,0.0499999999999971,0.0,0.0,1.80377612545778,1.80377612545778
Egypt,2021,110957005.0,1400985648780.0,1.4908053906311,208.19,209.66,1.4699999999999989,25.36,12.096,87.904,12.096,568.06,4.97,5.49,14.9,119.1,100.0,99.9,0.0,0.0499999999999971,0.0,0.0,1.876312360810388,1.876312360810388
Egypt,2022,112618252.0,1460427350416.0,1.48609697540294,215.15,216.72,1.5699999999999932,25.61,11.817,88.183,11.817,570.04,5.0,5.9,14.71,123.54,100.0,99.9,0.0,0.0499999999999971,0.0,0.0,1.9104363296279896,1.9104363296279896
Egypt,2023,114535772.0,,1.68834126904494,220.53,221.92,1.3899999999999864,25.97,11.702,88.298,11.702,571.29,4.93,5.99,15.05,126.78,100.0,99.9,0.0,0.0499999999999971,0.0,0.0,1.92542466121414,1.92542466121414
Equatorial Guinea,2016,1508192.0,25203837269.0,3.66421838047825,1.4,1.4,0.0,0.47,33.571,66.429,33.571,585.71,0.0,0.0,0.47,0.82,66.2,24.1,33.8,54.85,95.9,8.599999999999994,0.9282637754344274,1.4022111411396183
Equatorial Guinea,2017,1562401.0,23511758900.0,3.53129362583944,1.34,1.34,0.0,0.44,32.836,67.164,32.836,597.02,0.0,0.0,0.44,0.8,66.4,23.8,33.599999999999994,54.9,96.5,8.799999999999997,0.8576543409790445,1.291648103884103
Equatorial Guinea,2018,1616425.0,21813514918.0,3.39945242088076,1.35,1.35,0.0,0.44,32.593,67.407,32.593,592.59,0.0,0.0,0.44,0.8,66.5,23.7,33.5,54.9,97.1,9.0,0.8351763923473097,1.2559043493944506
Equatorial Guinea,2019,1670184.0,20617750095.0,3.271454421427,1.4,1.4,0.0,0.45,32.143,67.857,32.143,600.0,0.0,0.0,0.45,0.84,66.6,23.3,33.400000000000006,55.05,97.6,9.200000000000005,0.8382309973032911,1.2586051010559929
Equatorial Guinea,2020,1716479.0,19743252847.0,2.73390823188935,1.41,1.41,0.0,0.49,34.752,65.248,34.752,574.47,0.0,0.0,0.49,0.81,66.7,23.0,33.3,55.15,98.2,9.5,0.8214490244273306,1.2315577577621148
Equatorial Guinea,2021,1758796.0,19556604569.0,2.43551071649529,1.43,1.43,0.0,0.47,32.867,67.133,32.867,594.41,0.0,0.0,0.47,0.85,66.8,22.8,33.2,55.2,98.6,9.700000000000005,0.8130562043579812,1.2171500065239242
Equatorial Guinea,2022,1803549.0,20191378731.0,2.5130374213272,1.51,1.51,0.0,0.48,31.788,68.212,31.788,602.65,0.0,0.0,0.48,0.91,67.0,22.7,33.0,55.15,98.6,10.200000000000005,0.8372381343672947,1.2496091557720816
Equatorial Guinea,2023,1847556.0,,2.41057232825781,1.43,1.43,0.0,0.35,24.476,75.524,24.476,664.34,0.0,0.0,0.35,0.95,66.9,22.1,33.099999999999994,55.5,97.6,11.0,0.773995483763415,1.156943921918408
Eritrea,2016,3124700.0,,0.614809318134095,0.27,0.27,0.0,0.0,0.0,100.0,0.0,666.67,0.0,0.0,0.0,0.18,46.9,10.6,53.1,71.25,72.0,23.3,0.0864082951963388,0.18423943538665
Eritrea,2017,3150350.0,,0.817496698225399,0.34,0.34,0.0,0.01,2.941,97.059,2.941,647.06,0.01,0.0,0.0,0.22,48.0,11.0,52.0,70.5,70.5,23.5,0.107924516323583,0.2248427423407981
Eritrea,2018,3192763.0,,1.33731409848117,0.39,0.39,0.0,0.05,12.821,87.179,12.821,564.1,0.05,0.0,0.0,0.22,49.1,11.2,50.9,69.85,69.0,23.700000000000003,0.1221512526924172,0.248780555381705
Eritrea,2019,3240194.0,,1.47474580694345,0.4,0.4,0.0,0.05,12.5,87.5,12.5,575.0,0.05,0.0,0.0,0.23,50.3,11.4,49.7,69.15,67.5,23.90000000000001,0.1234493984002192,0.2454262393642529
Eritrea,2020,3291277.0,,1.56406078076077,0.41,0.41,0.0,0.05,12.195,87.805,12.195,585.37,0.05,0.0,0.0,0.24,51.4,11.7,48.6,68.45,65.9,24.099999999999994,0.1245717087926661,0.2423574101024634
Eritrea,2021,3350185.0,,1.77411588481268,0.42,0.42,0.0,0.05,11.905,88.095,11.905,571.43,0.05,0.0,0.0,0.24,52.5,12.0,47.5,67.75,64.3,24.3,0.1253662111196844,0.2387927830851132
Eritrea,2022,3409450.0,,1.75351368458045,0.44,0.44,0.0,0.05,11.364,88.636,11.364,590.91,0.05,0.0,0.0,0.26,53.4,11.9,46.6,67.35,64.0,24.5,0.1290530730763026,0.2416724214912034
Eritrea,2023,3470391.0,,1.77168715176453,0.49,0.49,0.0,0.05,10.204,89.796,10.204,591.84,0.05,0.0,0.0,0.29,54.4,12.0,45.6,66.8,62.9,22.90000000000001,0.1411944648311962,0.2595486485867578
Eswatini,2016,1149516.0,8545156780.0,0.584038792817515,1.42,0.36,-1.06,0.33,91.667,8.333,91.667,222.22,0.0,0.0,0.12,0.08,63.4,47.0,36.6,44.8,41.9,19.0,1.2353025099259167,1.94842667180744
Eswatini,2017,1158198.0,8725282454.0,0.752960394981198,1.45,0.43,-1.02,0.41,95.349,4.651,95.349,139.54,0.0,0.0,0.21,0.06,73.5,47.75,26.5,39.375,30.200000000000003,14.700000000000005,1.2519448315400303,1.703326301415007
Eswatini,2018,1168933.0,8936238936.0,0.922518621738631,1.43,0.49,-0.94,0.47,95.918,4.082,95.918,142.86,0.0,0.0,0.27,0.07,74.0,48.4,26.0,38.8,30.3,12.299999999999995,1.223337864531158,1.6531592763934566
Eswatini,2019,1179885.0,9177836965.0,0.931970814127083,1.53,0.49,-1.04,0.45,91.837,8.163,91.837,204.08,0.0,0.0,0.23,0.1,77.0,48.7,23.0,37.15,27.099999999999994,10.0,1.2967365463583316,1.684073436829002
Eswatini,2020,1192734.0,9034694873.0,1.0836305772053,1.4,0.49,-0.91,0.47,95.918,4.082,95.918,163.27,0.0,0.0,0.23,0.08,80.0,49.4,20.0,35.3,23.90000000000001,7.700000000000003,1.1737738674339795,1.4672173342924744
Eswatini,2021,1206598.0,9746927305.0,1.15567266949473,1.41,0.51,-0.8999999999999999,0.49,96.078,3.922,96.078,137.26,0.03,0.0,0.26,0.07,82.9,49.5,17.099999999999994,33.8,20.90000000000001,5.400000000000006,1.1685747862999938,1.4096197663449863
Eswatini,2022,1218921.0,9594910875.0,1.01620740015869,1.47,0.55,-0.92,0.53,96.364,3.636,96.364,127.27,0.03,0.0,0.3,0.07,82.3,49.9,17.700000000000003,33.900000000000006,18.40000000000001,13.900000000000006,1.2059846372324377,1.4653519285934842
Eswatini,2023,1230507.0,,0.946270731993531,1.7,0.66,-1.04,0.64,96.97,3.03,96.97,121.21,0.03,0.0,0.4,0.08,86.4,50.3,13.599999999999994,31.65000000000001,15.099999999999994,9.0,1.3815443552942,1.5990096704793977
Ethiopia,2016,106718163.0,173708917362.0,2.70788250761242,11.17,12.47,1.3000000000000007,12.47,100.0,0.0,100.0,24.06,0.02,0.78,11.64,0.3,42.9,4.7,57.1,76.2,67.6,14.599999999999994,0.1046682184737381,0.2439818612441449
Ethiopia,2017,109666482.0,190761659136.0,2.72524097063889,11.69,13.12,1.4299999999999995,13.12,100.0,0.0,100.0,23.63,0.02,0.53,12.55,0.31,44.3,5.2,55.7,75.25,69.0,3.4000000000000057,0.1065959241767233,0.2406228536720618
Ethiopia,2018,112664157.0,206205566995.0,2.69675179524869,13.23,14.23,1.0,14.23,100.0,0.0,100.0,23.89,0.02,0.53,13.65,0.34,44.8,5.6,55.2,74.8,67.5,8.200000000000003,0.1174286512435361,0.2621175250971789
Ethiopia,2019,115737384.0,221885291686.0,2.69123978261516,14.17,15.31,1.1400000000000006,15.3,99.935,0.065,99.935,24.17,0.02,0.85,14.4,0.37,48.0,5.9,52.0,73.05,64.0,7.299999999999997,0.122432350812422,0.2550673975258792
Ethiopia,2020,118917670.0,237860193068.0,2.71077284780816,13.98,15.62,1.6399999999999988,15.61,99.936,0.064,99.936,24.33,0.03,0.61,14.94,0.38,51.1,6.2,48.9,71.35,60.6,6.5,0.1175603255596918,0.2300593455179879
Ethiopia,2021,122138588.0,251849804145.0,2.67249538803955,14.12,15.78,1.66,15.78,100.0,0.0,100.0,22.81,0.03,0.82,14.91,0.36,54.2,6.5,45.8,69.65,57.2,5.700000000000003,0.1156063798608839,0.2132959038023688
Ethiopia,2022,125384285.0,269977225159.0,2.62269500936104,15.66,17.41,1.75,17.41,100.0,0.0,100.0,23.55,0.04,0.56,16.77,0.41,55.4,6.9,44.6,68.85,57.0,6.0,0.1248960346186924,0.2254441058099141
Ethiopia,2023,128691695.0,,2.6036241976442,15.99,17.77,1.7799999999999994,17.77,100.0,0.0,100.0,23.64,0.04,0.56,17.13,0.42,55.4,7.1,44.6,68.75,56.4,5.299999999999997,0.124250442112834,0.2242787763769568
Gabon,2016,2100310.0,33414337569.0,2.86485541015556,2.54,2.19,-0.3500000000000001,0.83,37.9,62.1,37.9,525.11,0.0,0.0,0.82,1.15,88.1,87.1,11.900000000000006,12.400000000000006,81.1,3.0,1.2093452871242816,1.3726961261342585
Gabon,2017,2156902.0,33572391290.0,2.65889572463952,2.7,2.24,-0.4599999999999999,0.94,41.964,58.036,41.964,495.54,0.0,0.0,0.93,1.11,86.3,87.7,13.700000000000005,13.0,,2.200000000000003,1.2517953991419175,1.4505161056105649
Gabon,2018,2212320.0,33855404131.0,2.53688289832205,3.29,2.78,-0.5100000000000002,1.31,47.122,52.878,47.122,438.85,0.0,0.0,1.3,1.22,89.6,88.8,10.400000000000006,10.800000000000011,78.7,2.299999999999997,1.487126636291314,1.6597395494322702
Gabon,2019,2267711.0,35180839675.0,2.47279132038176,3.37,2.84,-0.5300000000000002,1.32,46.479,53.521,46.479,443.66,0.0,0.0,1.31,1.26,90.3,89.4,9.700000000000005,10.150000000000006,77.2,2.0,1.486080016368929,1.6457143038415605
Gabon,2020,2322538.0,34525072669.0,2.38922359813697,3.47,2.93,-0.54,1.43,48.805,51.195,48.805,423.21,0.0,0.0,1.42,1.24,91.1,90.0,8.900000000000006,9.450000000000005,75.3,1.5999999999999943,1.4940552102915,1.6400166962585074
Gabon,2021,2376729.0,35037430976.0,2.30612435799096,3.49,2.96,-0.5300000000000002,1.38,46.622,53.378,46.622,439.19,0.0,0.0,1.37,1.3,91.8,90.5,8.200000000000003,8.849999999999994,73.2,1.2999999999999972,1.46840468559941,1.5995693742912962
Gabon,2022,2430750.0,36035291983.0,2.24763901253797,3.73,3.19,-0.54,1.53,47.962,52.038,47.962,429.47,0.0,0.0,1.52,1.37,93.5,91.0,6.5,7.75,71.0,1.5,1.5345058109636944,1.6411826855226677
Gabon,2023,2484790.0,,2.19891289669511,3.17,2.59,-0.5800000000000001,0.92,35.521,64.479,35.521,525.1,0.0,0.0,0.91,1.36,94.1,91.4,5.900000000000006,7.25,71.0,0.7999999999999972,1.275761734392041,1.3557510461126898
Gambia,2016,2283775.0,3558432648.0,2.62819405087404,0.3,0.3,0.0,0.0,0.0,100.0,0.0,666.67,0.0,0.0,0.0,0.2,56.4,2.0,43.6,70.8,70.0,26.0,0.1313614519819159,0.2329103758544608
Gambia,2017,2342191.0,3704517995.0,2.52588138504562,0.31,0.31,0.0,0.0,0.0,100.0,0.0,645.16,0.0,0.0,0.0,0.2,56.2,1.9,43.8,70.95,79.5,20.599999999999994,0.132354705487298,0.2355065933937687
Gambia,2018,2399633.0,3947001965.0,2.42294300881827,0.39,0.39,0.0,0.0,0.0,100.0,0.0,666.67,0.0,0.0,0.0,0.26,60.3,1.9,39.7,68.9,,23.599999999999994,0.1625248527587343,0.2695271190028762
Gambia,2019,2456847.0,4192588256.0,2.35622071960344,0.46,0.46,0.0,0.0,0.0,100.0,0.0,652.17,0.0,0.0,0.0,0.3,62.1,1.8,37.9,68.05,,21.40000000000001,0.1872318463461501,0.3015005577232691
Gambia,2020,2515744.0,4217390293.0,2.3686612920428,0.48,0.48,0.0,0.0,0.0,100.0,0.0,666.67,0.0,0.0,0.0,0.32,62.2,1.7,37.8,68.05,69.0,19.099999999999994,0.1907984278209547,0.3067498839565188
Gambia,2021,2576015.0,4439051582.0,2.36774778418782,0.5,0.5,0.0,0.0,0.0,100.0,0.0,660.0,0.0,0.0,0.0,0.33,63.7,1.7,36.3,67.3,68.8,17.400000000000006,0.1940982486515024,0.3047068267684496
Gambia,2022,2636472.0,4656793663.0,2.31992109797091,0.51,0.51,0.0,0.0,0.0,100.0,0.0,666.67,0.0,0.0,0.0,0.34,65.4,1.7,34.599999999999994,66.44999999999999,68.8,17.200000000000003,0.1934403247976841,0.2957803131463061
Gambia,2023,2697846.0,,2.30124049704572,0.51,0.51,0.0,0.0,0.0,100.0,0.0,666.67,0.0,0.0,0.0,0.34,66.9,1.6,33.099999999999994,65.75,64.7,14.700000000000005,0.1890397005611143,0.2825705539030109
Ghana,2016,29356736.0,108784039058.0,2.27621203911157,13.73,13.17,-0.5600000000000005,5.56,42.217,57.783,42.217,410.02,0.03,0.0,5.51,5.4,79.3,22.7,20.700000000000003,49.0,33.400000000000006,10.200000000000005,0.4676950462067717,0.5897793773099266
Ghana,2017,30008364.0,117627099029.0,2.19535792776401,13.35,13.3,-0.0499999999999989,5.67,42.632,57.368,42.632,407.52,0.03,0.0,5.62,5.42,79.0,23.9,21.0,48.55,34.7,10.0,0.4448759685799599,0.5631341374429872
Ghana,2018,30637592.0,124919973796.0,2.07517136640112,14.31,14.91,0.5999999999999996,6.07,40.711,59.289,40.711,421.87,0.03,0.0,6.02,6.29,80.4,25.3,19.599999999999994,47.15,31.700000000000003,10.099999999999994,0.4670732608489596,0.5809368916031836
Ghana,2019,31258943.0,133049773378.0,2.00780519953703,16.0,17.3,1.3000000000000007,7.32,42.312,57.688,42.312,416.76,0.05,0.0,7.25,7.21,83.5,26.9,16.5,44.8,30.0,6.200000000000003,0.5118535198071157,0.612998227313911
Ghana,2020,31887802.0,133733644694.0,1.99181985149439,17.99,19.73,1.740000000000002,7.37,37.354,62.646,37.354,459.2,0.06,0.0,7.29,9.06,85.4,28.3,14.599999999999994,43.15,26.90000000000001,5.400000000000006,0.5641655702704125,0.6606154218623096
Ghana,2021,32518662.0,140896419821.0,1.95904584379494,20.39,22.08,1.6899999999999975,7.68,34.783,65.217,34.783,478.26,0.13,0.0,7.53,10.56,86.3,29.9,13.700000000000005,41.900000000000006,26.0,4.799999999999997,0.6270245682310053,0.7265638102329147
Ghana,2022,33149152.0,145431875240.0,1.92029034344132,21.05,23.22,2.169999999999998,8.37,36.047,63.953,36.047,469.42,0.16,0.0,8.19,10.9,85.1,31.5,14.900000000000006,41.7,28.40000000000001,5.0,0.635008702485059,0.7461911897591764
Ghana,2023,33787916.0,,1.90860289687983,21.85,24.3,2.4499999999999997,9.36,38.519,61.481,38.519,452.68,0.15,0.0,9.19,11.0,89.5,32.8,10.5,38.85,22.200000000000003,2.5,0.6466809021308091,0.722548494000904
Guinea,2016,12073031.0,16533568057.0,2.56690869267138,1.61,1.61,0.0,1.1,68.323,31.677,68.323,229.81,0.02,0.0,1.08,0.37,33.5,0.9,66.5,82.8,93.3,17.799999999999997,0.1333550787701945,0.3980748620005806
Guinea,2017,12385668.0,18265129177.0,2.55652318226129,1.77,1.77,0.0,1.23,69.492,30.508,69.492,220.34,0.02,0.0,1.21,0.39,35.4,0.9,64.6,81.85,91.4,16.599999999999994,0.1429071084417893,0.4036923967282184
Guinea,2018,12704776.0,19467826772.0,2.54385572881799,1.94,1.94,0.0,1.21,62.371,37.629,62.371,262.89,0.02,0.0,1.19,0.51,45.0,0.9,55.0,77.05,78.6,13.299999999999995,0.1526984812640537,0.3393299583645639
Guinea,2019,13034349.0,20561330331.0,2.56100451729991,2.05,2.05,0.0,1.31,63.902,36.098,63.902,253.66,0.02,0.0,1.29,0.52,42.2,0.9,57.8,78.45,83.0,14.0,0.1572767462341233,0.3726937114552686
Guinea,2020,13371185.0,21528646361.0,2.55139953603925,2.48,2.48,0.0,1.51,60.887,39.113,60.887,274.19,0.02,0.0,1.49,0.68,44.7,1.0,55.3,77.15,80.7,11.700000000000005,0.1854734640198307,0.4149294497087935
Guinea,2021,13710515.0,22615336825.0,2.50610419423246,3.64,3.64,0.0,2.66,73.077,26.923,73.077,192.31,0.02,0.0,2.64,0.7,46.8,1.0,53.2,76.1,78.7,10.200000000000005,0.2654896624962665,0.5672856036245012
Guinea,2022,14055136.0,23678257190.0,2.48250409145397,4.0,4.0,0.0,2.98,74.5,25.5,74.5,185.0,0.03,0.0,2.95,0.74,47.7,1.0,52.3,75.65,78.7,9.0,0.284593475296148,0.5966320236816519
Guinea,2023,14405469.0,,2.46199049961035,4.0,4.0,0.0,2.98,74.5,25.5,74.5,185.0,0.03,0.0,2.95,0.74,51.1,1.0,48.9,73.95,74.3,7.5,0.2776723201445228,0.5433900589912385
Guinea-Bissau,2016,1831898.0,2519068025.0,2.51155296505032,0.08,0.08,0.0,0.0,0.0,100.0,0.0,625.0,0.0,0.0,0.0,0.05,22.9,1.1,77.1,88.0,89.5,60.3,0.0436705537098681,0.1907011079033543
Guinea-Bissau,2017,1877074.0,2668676184.0,2.4363257519627,0.08,0.08,0.0,0.0,0.0,100.0,0.0,625.0,0.0,0.0,0.0,0.05,26.0,1.1,74.0,86.45,87.5,56.1,0.0426195237907509,0.163921245349042
Guinea-Bissau,2018,1922167.0,2771625236.0,2.37405997248475,0.08,0.08,0.0,0.0,0.0,100.0,0.0,625.0,0.0,0.0,0.0,0.05,28.4,1.1,71.6,85.25,86.7,51.9,0.0416196927738328,0.1465482139923692
Guinea-Bissau,2019,1967704.0,2896348420.0,2.34095994762157,0.08,0.08,0.0,0.0,0.0,100.0,0.0,625.0,0.0,0.0,0.0,0.05,30.9,1.0,69.1,84.05,85.7,47.7,0.0406565215093327,0.1315745032664489
Guinea-Bissau,2020,2013259.0,2939793794.0,2.28895000835492,0.08,0.08,0.0,0.0,0.0,100.0,0.0,625.0,0.0,0.0,0.0,0.05,33.4,1.0,66.6,82.8,84.9,43.6,0.0397365664328335,0.1189717557869267
Guinea-Bissau,2021,2058841.0,3127940606.0,2.23903878745423,0.08,0.08,0.0,0.0,0.0,100.0,0.0,625.0,0.0,0.0,0.0,0.05,35.8,0.95,64.2,81.625,84.2,39.5,0.0388568131293285,0.1085385841601357
Guinea-Bissau,2022,2105535.0,3259313986.0,2.24235388639993,0.08,0.08,0.0,0.0,0.0,100.0,0.0,625.0,0.0,0.0,0.0,0.05,37.4,0.9,62.6,80.85,84.2,39.0,0.0379950938835022,0.1015911601163162
Guinea-Bissau,2023,2153343.0,,2.24529187264064,0.08,0.08,0.0,0.0,0.0,100.0,0.0,625.0,0.0,0.0,0.0,0.05,40.5,0.8,59.5,79.35,79.3,35.7,0.0371515360070365,0.091732187671695
Kenya,2016,48139683.0,146082118752.0,2.20775684612709,9.73,9.68,-0.0500000000000007,8.64,89.256,10.744,89.256,108.47,0.06,0.06,3.31,1.05,53.1,14.2,46.9,66.35,57.9,15.700000000000005,0.2021201510612357,0.3806405858027037
Kenya,2017,49197757.0,151656608610.0,2.17412854990493,11.05,10.83,-0.2200000000000006,8.76,80.886,19.114,80.886,163.44,0.07,0.06,3.17,1.77,55.8,16.1,44.2,64.05,54.2,16.400000000000006,0.2246037354914371,0.4025156550025755
Kenya,2018,50207109.0,160257055688.0,2.03083744189606,11.39,11.3,-0.0899999999999998,9.75,86.283,13.717,86.283,117.7,0.09,0.38,3.99,1.33,61.2,18.0,38.8,60.4,48.4,12.799999999999995,0.2268603037868601,0.3706867708935623
Kenya,2019,51202829.0,168452589868.0,1.96381549826771,11.76,11.56,-0.1999999999999993,10.25,88.668,11.332,88.668,102.94,0.09,1.56,3.21,1.19,69.7,20.6,30.3,54.85,38.3,9.200000000000005,0.229674809569604,0.3295190955087576
Kenya,2020,52217327.0,168031463891.0,1.96197633664853,11.8,11.68,-0.120000000000001,10.93,93.579,6.421,93.579,71.92,0.09,1.33,4.23,0.84,71.5,23.05,28.5,52.725,37.3,5.900000000000006,0.2259786296606105,0.3160540274973574
Kenya,2021,53219167.0,180662393951.0,1.90040858948898,12.65,12.38,-0.2699999999999996,11.12,89.822,10.178,89.822,96.12,0.17,1.99,3.67,1.19,76.5,25.8,23.5,48.85,31.8,2.5,0.2376963171933901,0.3107141401220785
Kenya,2022,54252458.0,190362153076.0,1.92297608206469,13.26,12.96,-0.2999999999999989,11.38,87.809,12.191,87.809,109.57,0.42,2.14,3.04,1.42,76.0,28.5,24.0,47.75,35.0,2.0,0.2444128890897441,0.3215959066970317
Kenya,2023,55339007.0,,1.98296028478422,13.69,12.8,-0.8899999999999988,11.49,89.766,10.234,89.766,96.88,0.58,2.01,2.67,1.24,76.2,31.6,23.8,46.1,32.099999999999994,4.0,0.2473842727246623,0.3246512765415517
Lesotho,2016,2130424.0,5418793037.0,1.21894302061673,0.89,0.52,-0.37,0.52,100.0,0.0,100.0,19.23,0.0,0.0,0.52,0.01,35.1,40.8,64.9,62.05,76.7,33.599999999999994,0.4177572164038707,1.1901914997261276
Lesotho,2017,2157117.0,5197453242.0,1.24492806980041,0.93,0.54,-0.39,0.54,100.0,0.0,100.0,18.52,0.0,0.0,0.54,0.01,33.7,42.6,66.3,61.85,79.8,31.200000000000003,0.4311309956761733,1.279320461947102
Lesotho,2018,2183611.0,5068079163.0,1.22069019410404,0.91,0.52,-0.39,0.52,100.0,0.0,100.0,19.23,0.0,0.0,0.52,0.01,47.0,44.4,53.0,54.3,,29.3,0.4167408938680012,0.8866827529106408
Lesotho,2019,2209414.0,4996214053.0,1.17469837087993,0.93,0.39,-0.54,0.39,100.0,0.0,100.0,25.64,0.0,0.0,0.39,0.01,44.6,46.2,55.4,54.6,67.4,25.599999999999994,0.4209260917148167,0.9437804746968984
Lesotho,2020,2235727.0,4623560803.0,1.18432063043163,0.87,0.43,-0.44,0.43,100.0,0.0,100.0,23.26,0.0,0.0,0.43,0.01,47.5,48.1,52.5,52.2,64.8,22.5,0.3891351672185378,0.8192319309863956
Lesotho,2021,2261549.0,4709220668.0,1.14804266920884,0.96,0.53,-0.4299999999999999,0.53,100.0,0.0,100.0,18.87,0.0,0.0,0.53,0.01,50.4,49.8,49.6,49.900000000000006,62.3,19.40000000000001,0.4244878178628895,0.8422377338549396
Lesotho,2022,2286112.0,4761723180.0,1.08048016923391,0.91,0.48,-0.43,0.48,100.0,0.0,100.0,20.83,0.0,0.0,0.48,0.01,50.0,51.8,50.0,49.1,62.3,16.400000000000006,0.3980557383015355,0.796111476603071
Lesotho,2023,2311476.0,,1.10328678263994,0.45,0.0,-0.45,0.0,,,,,0.0,0.0,0.0,0.0,57.3,53.8,42.7,44.45,54.8,15.0,0.1946808013580932,0.3397570704329726
Liberia,2016,4755607.0,3859976097.0,2.04312155500225,0.3,0.3,0.0,0.0,0.0,100.0,0.0,666.67,0.0,0.0,0.0,0.2,17.7,0.5,82.3,90.9,95.9,68.8,0.0630834297283186,0.3564035577871107
Liberia,2017,4848927.0,3977674130.0,1.94324776688719,0.35,0.35,0.0,0.0,0.0,100.0,0.0,657.14,0.0,0.0,0.0,0.23,24.2,0.5,75.8,87.65,92.6,59.5,0.07218091755145,0.2982682543448349
Liberia,2018,4944728.0,4051631897.0,1.95645231379837,0.41,0.41,0.0,0.13,31.707,68.293,31.707,439.02,0.0,0.0,0.13,0.18,22.8,0.5,77.2,88.35,92.3,62.8,0.0829165931877344,0.3636692683672565
Liberia,2019,5043719.0,3959325948.0,1.98225492944197,0.42,0.42,0.0,0.13,30.952,69.048,30.952,452.38,0.0,0.0,0.13,0.19,23.1,0.5,76.9,88.2,91.7,63.0,0.0832718872720704,0.3604843604851535
Liberia,2020,5149470.0,3845664451.0,2.07483340649162,0.45,0.45,0.0,0.13,28.889,71.111,28.889,466.67,0.0,0.0,0.13,0.21,27.6,0.6,72.4,85.9,91.9,54.6,0.0873876340671952,0.3166218625623017
Liberia,2021,5259327.0,4037436536.0,2.11098738475006,0.38,0.38,0.0,0.13,34.211,65.789,34.211,421.05,0.0,0.0,0.13,0.16,29.8,0.7,70.2,84.75,91.9,50.5,0.0722525904930421,0.2424583573592019
Liberia,2022,5373297.0,4231561135.0,2.14388170425267,0.39,0.39,0.0,0.13,33.333,66.667,33.333,435.9,0.0,0.0,0.13,0.17,31.8,0.8,68.2,83.7,85.1,46.3,0.0725811359394427,0.2282425658473043
Liberia,2023,5493035.0,,2.20390696065654,0.61,0.61,0.0,0.35,57.377,42.623,57.377,295.08,0.0,0.0,0.35,0.18,32.5,0.8,67.5,83.35,90.7,47.3,0.1110497202366269,0.341691446881929
Libya,2016,6632130.0,91220396354.0,1.52399514586306,31.8,31.42,-0.379999999999999,0.01,0.032,99.968,0.032,822.72,0.01,0.0,0.0,25.85,72.2,,27.8,,,0.0,4.7948396668943465,6.641052170213776
Libya,2017,6738771.0,120859728232.0,1.59519992425695,33.58,33.28,-0.2999999999999971,0.01,0.03,99.97,0.03,813.4,0.01,0.0,0.0,27.07,70.6,,29.40000000000001,,,0.0,4.983104485966358,7.058221651510423
Libya,2018,6849058.0,130457185445.0,1.62332708641058,34.65,34.18,-0.4699999999999988,0.01,0.029,99.971,0.029,806.61,0.01,0.0,0.0,27.57,67.0,,33.0,,,0.0,5.059089877761292,7.550880414569092
Libya,2019,6951040.0,115851209708.0,1.47795950725002,35.41,34.63,-0.779999999999994,0.01,0.029,99.971,0.029,809.99,0.01,0.0,0.0,28.05,68.5,,31.5,,,0.0,5.094201730964,7.436790848122627
Libya,2020,7045403.0,81726075633.0,1.3484498033463,30.76,29.5,-1.2600000000000016,0.01,0.034,99.966,0.034,824.07,0.01,0.0,0.0,24.31,69.4,,30.599999999999994,,,0.0,4.365967425852006,6.291019345608078
Libya,2021,7135179.0,104883157614.0,1.26619979488109,35.57,34.79,-0.7800000000000011,0.01,0.029,99.971,0.029,831.56,0.01,0.0,0.0,28.93,70.2,,29.8,,,0.0,4.985158746543009,7.101365735816253
Libya,2022,7223804.0,91444480945.0,1.23450447871795,35.83,35.11,-0.7199999999999989,0.01,0.028,99.972,0.028,830.53,0.01,0.0,0.0,29.16,70.0,,30.0,,,0.0,4.959990608826042,7.08570086975149
Libya,2023,7305659.0,,1.12674309223491,33.75,33.75,0.0,0.01,0.03,99.97,0.03,825.19,0.01,0.0,0.0,27.85,73.2,,26.8,,,0.0,4.61970644947978,6.311074384535218
Madagascar,2016,26099950.0,33687674194.0,2.61335935661539,1.9,1.9,0.0,0.92,48.421,51.579,48.421,357.9,0.02,0.0,0.88,0.68,22.9,1.0,77.1,88.05,,32.7,0.0727970743238971,0.3178911542528261
Madagascar,2017,26788379.0,35012614968.0,2.60345495087599,1.98,1.98,0.0,0.83,41.919,58.081,41.919,409.09,0.02,0.0,0.78,0.81,24.1,1.1,75.9,87.4,,33.400000000000006,0.0739126469727787,0.3066914812148495
Madagascar,2018,27494930.0,36130917975.0,2.60334538024635,2.38,2.38,0.0,1.03,43.277,56.723,43.277,424.37,0.04,0.0,0.96,1.01,36.5,1.2,63.5,81.15,84.0,28.8,0.0865614133223834,0.2371545570476258
Madagascar,2019,28219559.0,37724649896.0,2.60136633480103,2.47,2.47,0.0,0.95,38.462,61.538,38.462,449.39,0.04,0.0,0.89,1.11,31.0,1.2,69.0,83.9,87.0,39.3,0.0875279447138064,0.2823482087542144
Madagascar,2020,28953560.0,35031864099.0,2.56778870397591,2.16,2.16,0.0,0.88,40.741,59.259,40.741,416.67,0.04,0.0,0.82,0.9,32.0,1.3,68.0,83.35,93.3,27.599999999999994,0.0746022250804391,0.2331319533763723
Madagascar,2021,29691087.0,37042695870.0,2.51537360931706,2.53,2.53,0.0,0.84,33.202,66.798,33.202,486.17,0.04,0.0,0.77,1.23,35.1,1.4,64.9,81.75,89.1,27.40000000000001,0.0852107570194381,0.2427656895140689
Madagascar,2022,30437261.0,38602188321.0,2.48207836172625,2.64,2.64,0.0,0.93,35.227,64.773,35.227,477.27,0.08,0.0,0.82,1.26,36.1,1.5,63.9,81.2,89.1,28.40000000000001,0.0867357939993352,0.2402653573388787
Madagascar,2023,31195937.0,,2.46201530433165,2.48,2.48,0.0,1.09,43.952,56.048,43.952,423.39,0.08,0.0,0.98,1.05,39.4,1.6,60.6,79.5,85.4,24.40000000000001,0.0794975320023245,0.2017703857927018
Malawi,2016,17557741.0,21733841491.0,2.72595787740448,2.13,2.15,0.02,2.02,93.953,6.047,93.953,69.77,0.03,0.0,1.94,0.15,11.0,2.1,89.0,93.45,95.1,58.0,0.1213140118651938,1.1028546533199437
Malawi,2017,18039714.0,22603193649.0,2.70808949087835,1.89,1.91,0.02,1.91,100.0,0.0,100.0,26.18,0.04,0.0,1.82,0.05,12.7,2.1,87.3,92.6,96.3,42.5,0.1047688450049707,0.8249515354722103
Malawi,2018,18528086.0,23595927755.0,2.67117568591664,1.79,1.81,0.02,1.48,81.768,18.232,81.768,143.65,0.01,0.0,1.42,0.26,18.0,1.9,82.0,90.05,88.3,51.0,0.0966100869782232,0.5367227054345735
Malawi,2019,19025748.0,24881432457.0,2.65059567621331,1.78,1.8,0.02,1.73,96.111,3.889,96.111,55.56,0.01,0.0,1.67,0.1,11.2,1.9,88.8,93.45,95.9,54.5,0.0935574254426159,0.8353341557376426
Malawi,2020,19533885.0,25108605204.0,2.63573735113183,1.73,1.75,0.02,1.74,99.429,0.571,99.429,34.29,0.01,0.0,1.68,0.06,11.5,1.8,88.5,93.35,96.5,50.4,0.0885640516466642,0.7701221882318631
Malawi,2021,20047264.0,26255309111.0,2.59415828794597,1.81,1.83,0.02,1.75,95.628,4.372,95.628,54.65,0.01,0.0,1.69,0.1,14.2,1.7,85.8,92.05,94.4,45.8,0.090286634625054,0.6358213705989724
Malawi,2022,20568731.0,26465351444.0,2.567947782963,1.81,1.83,0.02,1.75,95.628,4.372,95.628,54.65,0.01,0.0,1.69,0.1,14.0,1.6,86.0,92.2,94.4,46.0,0.0879976504141164,0.6285546458151176
Malawi,2023,21104480.0,,2.57135708610945,1.81,1.83,0.02,1.75,95.628,4.372,95.628,54.65,0.01,0.0,1.69,0.1,15.6,1.5,84.4,91.45,93.9,42.2,0.0857637809602511,0.5497678266682763
Mali,2016,19191298.0,25049317347.0,3.16701291267986,2.67,3.02,0.3500000000000001,1.57,51.987,48.013,51.987,331.13,0.03,0.0,1.48,1.0,38.8,1.0,61.2,80.1,91.6,17.0,0.139125555759699,0.3585710199992242
Mali,2017,19813016.0,26378184458.0,3.18823649379751,3.19,3.44,0.25,1.57,45.64,54.36,45.64,372.09,0.03,0.0,1.48,1.28,34.8,1.0,65.2,82.1,,15.0,0.1610052704747222,0.4626588232032249
Mali,2018,20442031.0,27630093375.0,3.1254232369578,3.48,3.61,0.1299999999999999,1.45,40.166,59.834,40.166,404.43,0.03,0.0,1.36,1.46,50.9,1.0,49.1,74.05,74.6,14.400000000000006,0.1702374876547247,0.3344547891055496
Mali,2019,21068405.0,28946666484.0,3.01814494306617,3.86,3.81,-0.0499999999999998,1.46,38.32,61.68,38.32,417.32,0.03,0.0,1.37,1.59,47.9,1.1,52.1,75.5,84.8,9.099999999999994,0.1832127301520926,0.3824900420711747
Mali,2020,21713837.0,28586570096.0,3.01751361469378,4.09,3.94,-0.1499999999999999,1.61,40.863,59.137,40.863,401.02,0.1,0.0,1.44,1.58,50.6,1.2,49.4,74.1,83.2,6.099999999999994,0.1883591555007067,0.3722512954559422
Mali,2021,22388637.0,29459890071.0,3.06035796580474,4.1,3.94,-0.1599999999999997,1.54,39.086,60.914,39.086,416.24,0.14,0.0,1.33,1.64,53.4,1.2,46.6,72.7,81.7,3.0999999999999943,0.1831286111789654,0.3429374741179128
Mali,2022,23072641.0,30551085997.0,3.00942592606239,4.61,4.34,-0.2700000000000004,1.86,42.857,57.143,42.857,391.71,0.15,0.0,1.64,1.7,53.0,1.3,47.0,72.85,81.7,0.2999999999999971,0.1998037415829423,0.3769881916659289
Mali,2023,23769130.0,,2.97400537620334,5.29,6.01,0.7199999999999998,1.19,19.8,80.2,19.8,535.77,0.15,0.0,0.97,3.22,54.5,1.3,45.5,72.1,77.3,8.5,0.2225575778330969,0.4083625281341229
Mauritania,2016,4086655.0,12416318727.0,2.99795842489143,1.38,1.16,-0.2199999999999999,0.29,25.0,75.0,25.0,491.38,0.06,0.1,0.13,0.57,41.2,44.9,58.8,56.95,,19.5,0.3376844876800219,0.8196225429126746
Mauritania,2017,4210603.0,13137043588.0,2.98778789331469,1.54,1.35,-0.1899999999999999,0.33,24.444,75.556,24.444,496.3,0.06,0.1,0.17,0.67,42.9,45.5,57.1,55.8,,18.0,0.3657433388994403,0.8525485755231709
Mauritania,2018,4337685.0,13699199188.0,2.97356403059489,1.66,1.46,-0.1999999999999999,0.44,30.137,69.863,30.137,465.75,0.15,0.1,0.19,0.68,43.6,46.1,56.4,55.15,,16.400000000000006,0.3826926113814166,0.877735347205084
Mauritania,2019,4467714.0,14424796068.0,2.95347297852629,1.77,1.57,-0.1999999999999999,0.47,29.936,70.064,29.936,464.97,0.15,0.12,0.2,0.73,44.9,46.8,55.1,54.150000000000006,,14.5,0.3961757623697488,0.8823513638524473
Mauritania,2020,4600136.0,14289417678.0,2.92092559048913,1.85,1.63,-0.2200000000000002,0.47,28.834,71.166,28.834,472.39,0.14,0.12,0.21,0.77,45.4,47.5,54.6,53.55,,12.5,0.4021620230358407,0.8858194339996491
Mauritania,2021,4734874.0,14638845766.0,2.88703345850902,1.77,1.58,-0.1899999999999999,0.45,28.481,71.519,28.481,474.68,0.14,0.1,0.21,0.75,47.7,48.1,52.3,52.1,,10.299999999999995,0.3738219855480842,0.7836938900379126
Mauritania,2022,4875644.0,15674544913.0,2.92956466448208,2.02,1.64,-0.3800000000000001,0.45,27.439,72.561,27.439,481.71,0.14,0.1,0.21,0.79,49.0,48.9,51.0,51.05,,8.400000000000006,0.4143042437060622,0.8455188647062494
Mauritania,2023,5022442.0,,2.96653079197429,2.35,2.09,-0.2600000000000002,0.45,21.531,78.469,21.531,521.53,0.14,0.1,0.21,1.09,50.3,49.4,49.7,50.150000000000006,,6.5,0.4678998781867466,0.9302184456992976
Mauritius,2016,1291807.0,25347373765.0,0.0687082325715694,3.05,3.05,0.0,0.67,21.967,78.033,21.967,632.79,0.03,0.02,0.1,1.93,99.7,98.6,0.2999999999999971,0.8499999999999943,0.2000000000000028,0.4000000000000057,2.361033807681798,2.368138222348844
Mauritius,2017,1290654.0,26345551590.0,0.0901672663767558,3.11,3.11,0.0,0.62,19.936,80.064,19.936,643.09,0.04,0.01,0.09,2.0,99.6,98.7,0.4000000000000057,0.8499999999999943,0.4000000000000057,0.4000000000000057,2.4096310862554957,2.4193083195336302
Mauritius,2018,1288836.0,27401224769.0,0.0545354541381391,3.12,3.12,0.0,0.64,20.513,79.487,20.513,634.62,0.05,0.01,0.12,1.98,99.8,98.8,0.2000000000000028,0.7000000000000028,0.0,0.5,2.420788990996527,2.4256402715396064
Mauritius,2019,1286269.0,28193387492.0,0.0322330642925213,3.23,3.23,0.0,0.7,21.672,78.328,21.672,619.2,0.13,0.01,0.1,2.0,100.0,98.9,0.0,0.5499999999999972,0.0,0.0,2.5111388053354315,2.5111388053354315
Mauritius,2020,1283231.0,24077716198.0,0.0022906802096937,2.9,2.9,0.0,0.7,24.138,75.862,24.138,613.79,0.15,0.02,0.12,1.78,99.5,99.0,0.5,0.75,0.5,0.5999999999999943,2.2599204663852417,2.2712768506384338
Mauritius,2021,1279628.0,24920195118.0,0.0252729878913446,2.99,2.99,0.0,0.64,21.405,78.595,21.405,628.76,0.15,0.01,0.11,1.88,99.6,99.0,0.4000000000000057,0.7000000000000028,0.2000000000000028,0.7000000000000028,2.336616579193328,2.346000581519406
Mauritius,2022,1276134.0,26988574640.0,-0.301401216835277,3.12,3.12,0.0,0.61,19.551,80.449,19.551,615.39,0.16,0.02,0.13,1.92,100.0,99.1,0.0,0.4500000000000028,0.0,1.0,2.4448843146566115,2.4448843146566115
Mauritius,2023,1273591.0,,-1.1051534726941,3.27,3.27,0.0,0.57,17.431,82.569,17.431,633.03,0.15,0.01,0.09,2.07,100.0,99.1,0.0,0.4500000000000028,0.0,0.0,2.5675432693855407,2.5675432693855407
Morocco,2016,35023459.0,276121131010.0,1.19450726277516,36.02,30.87,-5.150000000000002,5.09,16.489,83.511,16.489,633.63,0.4,3.02,1.66,19.56,97.8,98.0,2.200000000000003,2.0999999999999943,4.599999999999994,0.7000000000000028,1.0284535288190697,1.0515884752751223
Morocco,2017,35446395.0,290087315215.0,1.20034336418867,37.84,31.94,-5.900000000000002,5.06,15.842,84.158,15.842,637.45,0.41,3.04,1.57,20.36,100.0,98.0,0.0,1.0,0.0,0.0,1.067527459421473,1.067527459421473
Morocco,2018,35839760.0,298981397583.0,1.1036421008163,37.93,34.56,-3.369999999999997,6.85,19.821,80.179,19.821,621.53,0.95,3.86,2.0,21.48,98.1,98.1,1.9000000000000057,1.9000000000000057,3.9000000000000057,0.7000000000000028,1.0583218191193244,1.0788193874814724
Morocco,2019,36210907.0,307624970074.0,1.03022315933698,39.45,40.38,0.9299999999999996,7.99,19.787,80.213,19.787,631.75,1.58,4.72,1.65,25.51,99.6,98.3,0.4000000000000057,1.0500000000000114,1.0999999999999943,0.0,1.0894507558178534,1.0938260600580858
Morocco,2020,36584208.0,285515953096.0,1.02565486360782,39.03,38.8,-0.2300000000000039,7.44,19.175,80.825,19.175,645.62,1.52,4.59,1.29,25.05,100.0,98.2,0.0,0.9000000000000057,0.0,0.0,1.0668537637879163,1.0668537637879163
Morocco,2021,36954443.0,308157391278.0,1.00691847923959,41.14,41.3,0.1599999999999966,8.18,19.806,80.194,19.806,639.95,1.82,5.11,1.21,26.43,100.0,98.1,0.0,0.9500000000000028,0.0,0.0,1.1132626190577408,1.1132626190577408
Morocco,2022,37329068.0,311654947615.0,1.00863622672701,42.81,41.41,-1.4000000000000057,7.53,18.184,81.816,18.184,662.64,1.45,5.36,0.68,27.44,100.0,98.1,0.0,0.9500000000000028,0.0,0.0,1.1468274536080032,1.1468274536080032
Morocco,2023,37712516.0,,1.02195181223548,44.31,42.46,-1.8500000000000012,9.22,21.715,78.285,21.715,616.35,2.11,6.55,0.52,26.17,100.0,98.1,0.0,0.9500000000000028,0.0,0.0,1.1749414968759972,1.1749414968759972
Mozambique,2016,27337107.0,27195969056.0,2.93066434696089,15.53,18.86,3.33,15.6,82.715,17.285,82.715,132.56,0.0,0.0,15.6,2.5,26.2,4.5,73.8,84.65,95.3,33.8,0.568092300330097,2.1682912226339583
Mozambique,2017,28166397.0,28213368238.0,2.98845927899068,15.92,17.64,1.7200000000000006,14.2,80.499,19.501,80.499,147.96,0.0,0.0,14.06,2.61,24.3,4.9,75.7,85.4,95.6,39.5,0.5652125119162383,2.325977415293162
Mozambique,2018,29018647.0,29185036688.0,2.98089902972538,15.73,17.14,1.41,14.02,81.797,18.203,81.797,139.44,0.0,0.0,13.9,2.39,31.1,5.2,68.9,81.85,92.0,27.8,0.5420652451508163,1.7429750647936215
Mozambique,2019,29884378.0,29860675429.0,2.9397415898529,16.5,18.99,2.4899999999999984,15.07,79.358,20.642,79.358,154.29,0.03,0.0,14.93,2.93,29.7,5.6,70.3,82.35,94.8,27.700000000000003,0.552127937881123,1.859016625862367
Mozambique,2020,30783685.0,29502646219.0,2.96490034295304,15.61,19.02,3.41,15.88,83.491,16.509,83.491,128.29,0.07,0.0,15.7,2.44,30.6,6.1,69.4,81.65,95.4,25.200000000000003,0.5070867896419808,1.6571463713790224
Mozambique,2021,31707798.0,30189464161.0,2.9577768101764,15.9,18.86,2.959999999999999,15.65,82.98,17.02,82.98,131.5,0.07,0.0,15.47,2.48,31.5,6.5,68.5,81.0,96.2,22.599999999999994,0.5014539325625829,1.591917246230422
Mozambique,2022,32656242.0,31441725629.0,2.9473431712575,16.37,19.56,3.1899999999999977,16.37,83.691,16.309,83.691,127.81,0.07,0.0,16.17,2.5,33.2,6.9,66.8,79.95,95.0,20.599999999999994,0.5012824194529181,1.5098868055810786
Mozambique,2023,33635163.0,,2.95358093047219,16.5,19.96,3.460000000000001,16.68,83.567,16.433,83.567,128.76,0.07,0.0,16.48,2.57,36.0,7.4,64.0,78.3,91.1,21.099999999999994,0.4905580508112893,1.3626612522535817
Namibia,2016,2439219.0,22480856444.0,2.69727890929136,4.45,1.48,-2.97,1.42,95.946,4.054,95.946,54.05,0.06,0.0,1.36,0.08,49.7,44.8,50.3,52.75,68.4,30.700000000000003,1.8243544347596503,3.6707332691341055
Namibia,2017,2506854.0,22249978012.0,2.73527353433315,4.58,1.77,-2.81,1.7,96.045,3.955,96.045,62.15,0.11,0.0,1.59,0.11,52.5,45.4,47.5,51.05,68.4,25.700000000000003,1.826991121142276,3.4799830878900497
Namibia,2018,2577327.0,22485828408.0,2.77246337174234,4.63,1.41,-3.22,1.39,98.582,1.418,98.582,42.55,0.23,0.02,1.14,0.06,52.3,45.7,47.7,51.0,69.8,25.599999999999994,1.796434833453419,3.434865838343057
Namibia,2019,2650499.0,22297166631.0,2.79932223646079,4.42,1.38,-3.04,1.33,96.377,3.623,96.377,57.97,0.36,0.02,0.95,0.08,53.3,46.4,46.7,50.150000000000006,68.8,25.5,1.6676105140956476,3.1287251671588137
Namibia,2020,2728760.0,20505368156.0,2.91019887709682,4.19,2.0,-2.1900000000000004,1.93,96.5,3.5,96.5,60.0,0.41,0.02,1.5,0.12,52.3,46.9,47.7,50.400000000000006,,25.3,1.5354959761943154,2.935938769013988
Namibia,2021,2810552.0,21049990407.0,2.95314556354467,3.95,1.51,-2.4400000000000004,1.47,97.351,2.649,97.351,46.36,0.48,0.02,0.97,0.07,55.2,47.5,44.8,48.65,66.8,25.3,1.405417868091393,2.546046862484407
Namibia,2022,2889668.0,21858730428.0,2.77600581415178,4.07,1.32,-2.75,1.3,98.485,1.515,98.485,45.46,0.5,0.02,0.78,0.06,56.2,47.7,43.8,48.05,66.8,25.200000000000003,1.4084663013190444,2.5061677959413604
Namibia,2023,2963102.0,,2.50947899094054,4.18,1.89,-2.29,1.85,97.884,2.116,97.884,47.62,0.51,0.02,1.32,0.09,56.7,48.0,43.3,47.65,65.9,25.0,1.410683803662513,2.4879784897046084
Niger,2016,20685758.0,17807651308.0,3.67426137513091,1.48,0.7,-0.78,0.01,1.429,98.571,1.429,714.29,0.01,0.0,0.0,0.5,17.0,2.3,83.0,90.35,91.2,40.8,0.0715468101289786,0.4208635889939917
Niger,2017,21435449.0,18698209711.0,3.56007044831691,1.41,0.56,-0.8499999999999999,0.01,1.786,98.214,1.786,714.29,0.01,0.0,0.0,0.4,17.6,2.6,82.4,89.9,90.8,39.6,0.0657788880466184,0.3737436820830595
Niger,2018,22188074.0,20008393727.0,3.45088050525461,1.52,0.53,-0.99,0.01,1.887,98.113,1.887,698.11,0.01,0.0,0.0,0.37,17.6,3.0,82.4,89.7,88.3,52.4,0.0685052699932405,0.3892344885979574
Niger,2019,22947765.0,21237507069.0,3.36654855482346,1.73,0.67,-1.06,0.02,2.985,97.015,2.985,686.57,0.02,0.0,0.0,0.46,18.5,3.4,81.5,89.05,90.3,37.3,0.0753886053827028,0.407505975041637
Niger,2020,23717615.0,21991440513.0,3.29977391625444,1.78,0.67,-1.11,0.02,2.985,97.015,2.985,701.49,0.02,0.0,0.0,0.47,18.7,3.8,81.3,88.75,90.3,36.2,0.0750497046182763,0.4013353188143119
Niger,2021,24502145.0,22299096291.0,3.25425239869281,1.83,0.71,-1.12,0.02,2.817,97.183,2.817,690.14,0.02,0.0,0.0,0.49,18.6,4.1,81.4,88.65,90.9,34.099999999999994,0.0746873385983145,0.4015448311737341
Niger,2022,25311978.0,24776754234.0,3.25170642220024,1.95,0.79,-1.16,0.02,2.532,97.468,2.532,683.54,0.02,0.0,0.0,0.54,19.5,4.5,80.5,88.0,92.3,33.900000000000006,0.0770386257446968,0.3950698756138299
Niger,2023,26159863.0,,3.29489175812772,2.21,0.97,-1.24,0.02,2.062,97.938,2.062,680.41,0.02,0.0,0.0,0.66,20.1,5.1,79.9,87.4,89.6,32.599999999999994,0.0844805647491349,0.4203013171598754
Nigeria,2016,195443698.0,1027896680223.0,2.47183239057048,34.6,36.54,1.9399999999999975,8.21,22.469,77.531,22.469,511.22,0.03,0.0,8.15,18.68,59.3,7.4,40.7,66.65,66.0,14.0,0.1770330809029207,0.2985380790943013
Nigeria,2017,200254580.0,1036180414988.0,2.43170936923065,29.78,32.24,2.460000000000001,7.8,24.194,75.806,24.194,500.0,0.03,0.0,7.75,16.12,54.4,9.7,45.6,67.95,77.4,13.200000000000005,0.1487107061421516,0.2733652686436611
Nigeria,2018,204938752.0,1056103594567.0,2.31217263003389,33.71,36.71,3.0,7.77,21.166,78.834,21.166,519.48,0.04,0.0,7.7,19.07,56.5,12.5,43.5,65.5,69.0,18.3,0.1644881686407459,0.2911295020190192
Nigeria,2019,209485637.0,1079426893318.0,2.1944019229433,34.13,36.46,2.3299999999999983,8.51,23.341,76.659,23.341,505.76,0.05,0.0,8.43,18.44,55.4,15.7,44.6,64.45,74.5,16.099999999999994,0.1629228642534571,0.2940845925152656
Nigeria,2020,213996185.0,1060059201469.0,2.13029714344341,34.99,38.0,3.009999999999998,7.81,20.553,79.447,20.553,523.42,0.08,0.0,7.69,19.89,55.4,18.9,44.6,62.85,75.4,16.099999999999994,0.1635075877637725,0.2951400501151128
Nigeria,2021,218529286.0,1098721596994.0,2.09618685225463,36.14,39.2,3.0600000000000023,8.1,20.663,79.337,20.663,522.7,0.1,0.0,7.94,20.49,59.5,21.85,40.5,59.325,73.7,10.799999999999995,0.1653782916766588,0.2779467087002669
Nigeria,2022,223150906.0,1134448580250.0,2.09281687128387,35.57,38.0,2.43,9.39,24.711,75.289,24.711,497.37,0.1,0.0,9.23,18.9,60.5,24.4,39.5,57.55,73.0,11.0,0.1593988598908041,0.2634691899021555
Nigeria,2023,227882949.0,,2.09838916935738,38.6,40.92,2.3200000000000003,9.28,22.678,77.322,22.678,510.26,0.11,0.0,9.11,20.88,61.2,26.2,38.8,56.3,67.1,15.0,0.1693852048579553,0.2767732105522146
Rwanda,2016,11919183.0,20135193148.0,2.36997866838859,0.71,0.64,-0.0699999999999999,0.32,50.0,50.0,50.0,343.75,0.02,0.0,0.3,0.22,29.4,1.3,70.6,84.65,81.0,20.0,0.0595678411850879,0.2026117047111834
Rwanda,2017,12202062.0,20935170126.0,2.34556709244995,0.72,0.65,-0.0699999999999999,0.3,46.154,53.846,46.154,353.85,0.02,0.0,0.28,0.23,34.1,1.7,65.9,82.1,76.4,15.200000000000005,0.0590064203902586,0.1730393559831631
Rwanda,2018,12488000.0,22730987759.0,2.31630729613291,0.91,0.82,-0.09,0.34,41.463,58.537,41.463,390.24,0.03,0.0,0.31,0.32,38.0,2.4,62.0,79.8,72.0,14.200000000000005,0.0728699551569506,0.1917630398867122
Rwanda,2019,12776102.0,24883378782.0,2.28086099658628,0.88,0.85,-0.03,0.43,50.588,49.412,50.588,329.41,0.03,0.0,0.4,0.28,46.6,3.3,53.4,75.05,61.7,13.599999999999994,0.0688785984958479,0.1478081512786436
Rwanda,2020,13065838.0,24048043469.0,2.24244883430144,0.91,0.89,-0.02,0.56,62.921,37.079,62.921,247.19,0.03,0.0,0.53,0.22,45.2,4.3,54.8,75.25,65.1,6.099999999999994,0.0696472740592681,0.1540868895116551
Rwanda,2021,13355260.0,26663035281.0,2.1909353521865,1.02,1.0,-0.02,0.59,59.0,41.0,59.0,280.0,0.04,0.0,0.55,0.28,48.7,5.7,51.3,72.8,61.8,2.0,0.0763744022954251,0.1568262880809551
Rwanda,2022,13651025.0,28466253314.0,2.19046619232976,1.06,1.04,-0.02,0.6,57.692,42.308,57.692,288.46,0.04,0.0,0.56,0.3,50.6,7.3,49.4,71.05,61.8,2.0,0.0776498468063753,0.1534581952695164
Rwanda,2023,13954473.0,,2.1984982050137,1.2,1.1,-0.0999999999999998,0.54,49.091,50.909,49.091,354.55,0.04,0.0,0.5,0.39,63.9,9.3,36.1,63.4,42.1,0.0999999999999943,0.0859939318381998,0.1345757931740216
Sao Tome and Principe,2016,203702.0,718608950.0,1.6823011731644,0.11,0.11,0.0,0.01,9.091,90.909,9.091,636.36,0.0,0.0,0.01,0.07,69.4,2.3,30.599999999999994,64.15,41.4,26.3,0.5400045164014099,0.7781044904919452
Sao Tome and Principe,2017,206986.0,745271993.0,1.59795344333085,0.1,0.1,0.0,0.0,0.0,100.0,0.0,700.0,0.0,0.0,0.0,0.07,74.3,2.6,25.700000000000003,61.55,23.8,26.5,0.4831244625240354,0.6502348082423088
Sao Tome and Principe,2018,210198.0,768095622.0,1.54237554431048,0.1,0.1,0.0,0.0,0.0,100.0,0.0,700.0,0.0,0.0,0.0,0.07,71.0,2.9,29.0,63.05,44.3,23.3,0.4757419195234968,0.67005904158239
Sao Tome and Principe,2019,213405.0,784993764.0,1.51332392108067,0.11,0.11,0.0,0.01,9.091,90.909,9.091,636.36,0.0,0.0,0.01,0.07,75.1,3.2,24.90000000000001,60.85,31.8,22.40000000000001,0.5154518403973665,0.6863539818873058
Sao Tome and Principe,2020,217450.0,809328569.0,1.87691054092554,0.11,0.11,0.0,0.01,9.091,90.909,9.091,636.36,0.0,0.0,0.01,0.07,76.8,3.5,23.200000000000003,59.85,29.0,21.200000000000003,0.5058634168774431,0.6586763240591706
Sao Tome and Principe,2021,221975.0,824700110.0,2.06017354745306,0.11,0.11,0.0,0.01,9.091,90.909,9.091,636.36,0.0,0.0,0.01,0.07,78.5,3.9,21.5,58.8,26.3,20.0,0.4955513008221646,0.6312755424486174
Sao Tome and Principe,2022,226313.0,825238400.0,1.93819561963228,0.09,0.09,0.0,0.01,11.111,88.889,11.111,555.56,0.0,0.0,0.01,0.05,78.0,4.2,22.0,58.9,26.3,20.0,0.3976793202334819,0.5098452823506179
Sao Tome and Principe,2023,230882.0,,1.99754660166419,0.09,0.09,0.0,0.01,11.111,88.889,11.111,555.56,0.0,0.0,0.01,0.05,81.3,4.6,18.700000000000003,57.05,30.40000000000001,18.099999999999994,0.389809513084606,0.4794704957990234
Senegal,2016,15034517.0,38655882471.0,2.97843134010735,5.14,4.78,-0.3599999999999994,0.43,8.996,91.004,8.996,623.43,0.01,0.0,0.36,2.98,64.5,28.3,35.5,53.6,55.5,12.299999999999995,0.3418799553055146,0.5300464423341312
Senegal,2017,15475001.0,41519118886.0,2.88769908740551,5.05,4.72,-0.33,0.53,11.229,88.771,11.229,608.05,0.09,0.0,0.36,2.87,61.7,28.4,38.3,54.95,64.6,8.299999999999997,0.3263327737426317,0.5289023885618018
Senegal,2018,15914495.0,44097044770.0,2.8004569855314,5.26,4.94,-0.3199999999999994,0.7,14.17,85.83,14.17,595.14,0.25,0.0,0.36,2.94,66.0,28.8,34.0,52.6,58.6,6.5,0.3305162997632033,0.5007822723684898
Senegal,2019,16352926.0,46131678369.0,2.71760793051867,6.14,5.82,-0.3199999999999994,0.78,13.402,86.598,13.402,609.97,0.33,0.02,0.31,3.55,70.4,29.7,29.599999999999994,49.95,52.2,4.799999999999997,0.3754679743551704,0.5333351908454125
Senegal,2020,16789217.0,46743389453.0,2.63303572524896,6.42,6.06,-0.3600000000000003,1.02,16.832,83.168,16.832,562.71,0.38,0.22,0.31,3.41,64.3,30.7,35.7,52.5,61.4,8.0,0.3823882912466972,0.5946940765889537
Senegal,2021,17220866.0,49579310412.0,2.53848919398481,6.97,6.66,-0.3099999999999996,1.35,20.27,79.73,20.27,546.55,0.54,0.4,0.31,3.64,68.0,32.1,32.0,49.95,56.6,6.099999999999994,0.4047415501636213,0.5952081620053253
Senegal,2022,17651099.0,51913993763.0,2.46764281803509,7.65,7.16,-0.4900000000000002,1.41,19.693,80.307,19.693,550.28,0.59,0.4,0.31,3.94,67.9,33.5,32.099999999999994,49.3,56.6,3.4000000000000057,0.4334007757817232,0.6382927478375895
Senegal,2023,18077573.0,,2.38738348832592,8.74,8.2,-0.5400000000000009,1.39,16.951,83.049,16.951,557.32,0.59,0.38,0.31,4.57,74.2,34.8,25.8,45.5,43.5,3.9000000000000057,0.4834719793414747,0.6515794869831194
Seychelles,2016,109836.0,2658740126.0,1.33763477950025,0.5,0.5,0.0,0.01,2.0,98.0,2.0,640.0,0.0,0.01,0.0,0.32,100.0,100.0,0.0,0.0,0.0,0.0,4.552241523726283,4.552241523726283
Seychelles,2017,112443.0,2824383463.0,1.22403375818123,0.51,0.51,0.0,0.01,1.961,98.039,1.961,647.06,0.0,0.01,0.0,0.33,100.0,100.0,0.0,0.0,0.0,0.0,4.535631386569195,4.535631386569195
Seychelles,2018,115053.0,2983293782.0,0.954291917891324,0.52,0.52,0.0,0.01,1.923,98.077,1.923,653.85,0.0,0.01,0.0,0.34,100.0,100.0,0.0,0.0,0.0,0.0,4.519656158466098,4.519656158466098
Seychelles,2019,117662.0,3137071789.0,0.887925293341637,0.57,0.57,0.0,0.04,7.018,92.982,7.018,614.04,0.04,0.0,0.0,0.35,100.0,100.0,0.0,0.0,0.0,0.0,4.844384763135082,4.844384763135082
Seychelles,2020,120299.0,2871729130.0,0.853707878128979,0.59,0.59,0.0,0.07,11.864,88.136,11.864,576.27,0.06,0.01,0.0,0.34,100.0,100.0,0.0,0.0,0.0,0.0,4.904446421001006,4.904446421001006
Seychelles,2021,123000.0,2944095268.0,0.805183391179401,0.6,0.6,0.0,0.08,13.333,86.667,13.333,566.67,0.07,0.01,0.0,0.34,100.0,100.0,0.0,0.0,0.0,0.0,4.878048780487805,4.878048780487805
Seychelles,2022,125533.0,3053368129.0,,0.62,0.62,0.0,0.09,14.516,85.484,14.516,564.52,0.08,0.01,0.0,0.35,100.0,100.0,0.0,0.0,0.0,0.0,4.938940358312157,4.938940358312157
Seychelles,2023,127961.0,,-0.0876274304874622,0.62,0.62,0.0,0.09,14.516,85.484,14.516,564.52,0.08,0.01,0.0,0.35,100.0,100.0,0.0,0.0,0.0,0.0,4.845226279882152,4.845226279882152
Sierra Leone,2016,7205339.0,9765347713.0,2.35457342669593,0.21,0.21,0.0,0.13,61.905,38.095,61.905,238.1,0.0,0.0,0.13,0.05,20.3,0.6,79.7,89.55,98.4,53.1,0.0291450547989483,0.1435716985169871
Sierra Leone,2017,7379300.0,10128155156.0,2.38578952940087,0.23,0.23,0.0,0.14,60.87,39.13,60.87,260.87,0.01,0.0,0.13,0.06,23.4,0.7,76.6,87.95,94.6,51.3,0.031168267992899,0.1331977264653805
Sierra Leone,2018,7554568.0,10480967104.0,2.34731039123252,0.27,0.27,0.0,0.18,66.667,33.333,66.667,222.22,0.01,0.0,0.17,0.06,26.1,0.7,73.9,86.6,93.6,46.8,0.0357399655413784,0.136934733875013
Sierra Leone,2019,7731994.0,11031662186.0,2.32146457882717,0.2,0.2,0.0,0.19,95.0,5.0,95.0,50.0,0.01,0.0,0.18,0.01,22.7,0.7,77.3,88.3,98.5,48.6,0.0258665487841816,0.1139495541153377
Sierra Leone,2020,7912557.0,10814455084.0,2.30847202655897,0.2,0.2,0.0,0.19,95.0,5.0,95.0,50.0,0.01,0.0,0.18,0.01,26.3,0.8,73.7,86.45,95.3,45.0,0.025276279210374,0.0961075255147304
Sierra Leone,2021,8094603.0,11258356071.0,2.27463021517533,0.2,0.2,0.0,0.19,95.0,5.0,95.0,50.0,0.01,0.0,0.18,0.01,27.5,0.8,72.5,85.85,95.1,43.0,0.0247078207541494,0.0898466209241796
Sierra Leone,2022,8276809.0,11681270534.0,2.22598462352813,0.2,0.2,0.0,0.19,95.0,5.0,95.0,50.0,0.01,0.0,0.18,0.01,29.4,0.8,70.6,84.9,95.0,44.7,0.0241639018128846,0.0821901422206961
Sierra Leone,2023,8460523.0,,2.19524258771884,0.21,0.21,0.0,0.2,95.238,4.762,95.238,47.62,0.02,0.0,0.18,0.01,35.5,0.9,64.5,81.8,81.0,43.7,0.0248211605830987,0.0699187622059118
Somalia,2016,14348741.0,,3.8489103342184,0.36,0.36,0.0,0.01,2.778,97.222,2.778,638.89,0.01,0.0,0.0,0.23,51.1,2.3,48.9,73.3,62.7,31.099999999999994,0.0250893092292905,0.049098452503504
Somalia,2017,14916630.0,,3.88144974373944,0.37,0.37,0.0,0.02,5.405,94.595,5.405,621.62,0.01,0.01,0.0,0.23,52.1,2.6,47.9,72.65,61.6,30.700000000000003,0.0248045302457726,0.0476094630437095
Somalia,2018,15452489.0,,3.52933303532182,0.37,0.37,0.0,0.02,5.405,94.595,5.405,621.62,0.01,0.01,0.0,0.23,50.7,3.0,49.3,73.15,64.7,30.3,0.0239443626201578,0.0472275396847294
Somalia,2019,16030969.0,,3.67525774477084,0.37,0.37,0.0,0.02,5.405,94.595,5.405,621.62,0.01,0.01,0.0,0.23,49.2,3.5,50.8,73.65,,30.099999999999994,0.0230803265853736,0.0469112328971008
Somalia,2020,16651200.0,,3.79592066888979,0.37,0.37,0.0,0.03,8.108,91.892,8.108,594.6,0.02,0.01,0.0,0.22,49.9,3.7,50.1,73.2,67.7,29.700000000000003,0.022220620736043,0.0445303020762385
Somalia,2021,17271435.0,,3.65720037777736,0.38,0.38,0.0,0.04,10.526,89.474,10.526,578.95,0.03,0.01,0.0,0.22,49.3,4.3,50.7,73.2,69.4,29.40000000000001,0.0220016460705204,0.0446280853357413
Somalia,2022,17801895.0,,3.0251275475745,0.42,0.42,0.0,0.08,19.048,80.952,19.048,523.81,0.07,0.01,0.0,0.22,48.9,4.8,51.1,73.15,69.4,23.3,0.0235929938919424,0.0482474312718658
Somalia,2023,18358622.0,,3.07939219638342,0.42,0.42,0.0,0.08,19.048,80.952,19.048,523.81,0.07,0.01,0.0,0.22,50.3,5.4,49.7,72.15,76.1,21.0,0.0228775340545712,0.0454821750587896
South Africa,2016,57259550.0,700558003750.0,0.940521897823675,246.82,252.81,5.990000000000009,8.17,3.232,90.823,9.177,779.4,3.01,4.21,0.62,197.04,83.9,85.0,16.099999999999994,15.549999999999995,22.099999999999994,12.900000000000006,4.310547323546902,5.1377202902823615
South Africa,2017,57635158.0,708670169977.0,0.653837462693277,248.51,255.14,6.629999999999996,12.13,4.754,89.684,10.316,768.91,3.94,7.02,0.78,196.18,84.4,85.8,15.599999999999994,14.900000000000006,20.90000000000001,12.799999999999995,4.311777890849193,5.108741576835536
South Africa,2018,58613001.0,719458334697.0,1.68236992028419,251.6,256.3,4.700000000000017,12.48,4.869,90.613,9.387,774.68,4.54,6.41,1.1,198.55,84.7,86.6,15.299999999999995,14.349999999999994,20.3,12.799999999999995,4.29256301003936,5.067961050813884
South Africa,2019,59587880.0,721641639539.0,1.64957495527878,247.9,253.07,5.169999999999988,13.2,5.216,89.548,10.452,764.26,5.4,6.63,0.74,193.41,85.0,87.3,15.0,13.849999999999994,19.599999999999994,12.700000000000005,4.1602419820943455,4.894402331875701
South Africa,2020,60562374.0,675871755463.0,1.62216431400652,236.92,240.74,3.8200000000000216,15.27,6.343,89.545,10.455,763.15,6.98,6.41,1.47,183.72,90.0,88.1,10.0,10.950000000000005,4.5,12.700000000000005,3.9119998829636367,4.346666536626263
South Africa,2021,61502602.0,709077881289.0,1.54055743832642,241.89,245.46,3.5700000000000216,18.92,7.708,87.261,12.739,741.51,7.84,8.65,2.02,182.01,89.3,88.7,10.700000000000005,11.0,6.599999999999994,12.599999999999994,3.9330043304509297,4.404260168478085
South Africa,2022,62378417.0,723559323969.0,1.41397227960081,237.66,239.17,1.509999999999991,23.62,9.876,85.901,14.099,729.02,10.46,9.7,3.1,174.36,86.5,89.2,13.5,12.150000000000006,6.599999999999994,12.900000000000006,3.8099716445192895,4.404591496554092
South Africa,2023,63212386.0,,1.32810094082844,232.4,232.95,0.549999999999983,28.88,12.398,84.125,15.875,714.4,14.81,11.6,2.0,166.42,87.7,89.8,12.299999999999995,11.25,6.0,9.099999999999994,3.6764946667256,4.1921261878285065
South Sudan,2016,10830108.0,,-2.52965683465808,0.52,0.52,0.0,0.0,0.0,100.0,0.0,653.85,0.0,0.0,0.0,0.34,5.3,0.0,94.7,97.35,96.3,87.9,0.0480142949636328,0.9059300936534505
South Sudan,2017,10259150.0,,-5.41590990485178,0.54,0.54,0.0,0.0,0.0,100.0,0.0,666.67,0.0,0.0,0.0,0.36,4.2,0.0,95.8,97.9,97.1,90.4,0.0526359396246277,1.2532366577292329
South Sudan,2018,10122983.0,,-1.33625896422837,0.54,0.54,0.0,0.0,0.0,100.0,0.0,666.67,0.0,0.0,0.0,0.36,6.3,0.0,93.7,96.85,95.2,87.4,0.0533439599770146,0.8467295234446774
South Sudan,2019,10423382.0,,2.92439531185626,0.55,0.55,0.0,0.0,0.0,100.0,0.0,654.55,0.0,0.0,0.0,0.36,6.8,0.0,93.2,96.6,94.9,86.4,0.0527659832480475,0.7759703418830518
South Sudan,2020,10698471.0,,2.60487164966918,0.56,0.56,0.0,0.01,1.786,98.214,1.786,642.86,0.01,0.0,0.0,0.36,7.3,0.0,92.7,96.35,94.6,85.4,0.0523439283987403,0.7170401150512377
South Sudan,2021,10865786.0,,1.55179411079181,0.57,0.57,0.0,0.01,1.754,98.246,1.754,649.12,0.01,0.0,0.0,0.37,7.7,0.0,92.3,96.15,94.3,84.4,0.0524582391002362,0.6812758324706011
South Sudan,2022,11021175.0,,1.42002025455897,0.51,0.51,0.0,0.01,1.961,98.039,1.961,647.06,0.01,0.0,0.0,0.33,8.4,0.0,91.6,95.8,94.3,85.0,0.0462745578397947,0.55088759333089
South Sudan,2023,11483370.0,,4.10816463205266,0.56,0.56,0.0,0.01,1.786,98.214,1.786,642.86,0.01,0.0,0.0,0.36,5.4,0.0,94.6,97.3,98.2,80.9,0.0487661722995949,0.9030772648073144
Sudan,2016,41259892.0,,3.04008474256183,15.01,14.57,-0.4399999999999995,8.19,56.211,43.789,56.211,303.36,0.02,0.0,8.05,4.42,50.5,51.85,49.5,48.825,64.2,21.099999999999994,0.3637915484606697,0.7203793038825144
Sudan,2017,42714311.0,,3.46430091592296,16.59,15.7,-0.8900000000000006,9.5,60.51,39.49,60.51,275.8,0.02,0.0,9.35,4.33,53.0,55.2,47.0,45.9,61.2,20.0,0.3883944189103273,0.7328196583213723
Sudan,2018,44230597.0,,3.48828675547566,17.2,16.4,-0.8000000000000007,9.8,59.756,40.244,59.756,280.49,0.02,0.0,9.66,4.6,55.3,57.6,44.7,43.55,58.3,18.90000000000001,0.3888710794475598,0.7032026753120431
Sudan,2019,45548179.0,,2.93537902352139,16.43,16.22,-0.2100000000000008,10.34,63.748,36.252,63.748,254.62,0.02,0.0,10.21,4.13,57.6,60.8,42.4,40.8,55.6,17.799999999999997,0.3607169454568096,0.6262446969736277
Sudan,2020,46789237.0,,2.6882512565735,17.93,17.2,-0.7300000000000004,11.15,64.826,35.174,64.826,247.67,0.03,0.0,11.01,4.26,59.7,63.4,40.3,38.45,53.1,16.799999999999997,0.3832077877226337,0.641889091662703
Sudan,2021,48066930.0,,2.6941220236505,18.63,17.7,-0.9299999999999996,11.09,62.655,37.345,62.655,261.58,0.03,0.0,10.95,4.63,61.8,65.7,38.2,36.25,50.6,15.799999999999995,0.3875845617766726,0.6271594850755221
Sudan,2022,49383344.0,,2.70189520043666,17.66,16.78,-0.879999999999999,12.04,71.752,28.248,71.752,204.41,0.13,0.0,11.8,3.43,63.2,68.2,36.8,34.3,50.6,16.0,0.3576104526254844,0.5658393237745006
Sudan,2023,50042800.0,,1.32652175747925,15.16,14.51,-0.6500000000000004,11.75,80.979,19.021,80.979,146.11,0.14,0.0,11.5,2.12,66.0,70.55,34.0,31.724999999999994,46.0,13.0,0.3029406827755441,0.4590010345084002
Tanzania,2016,53824012.0,140875654933.0,3.40729531415315,6.92,6.82,-0.0999999999999996,2.47,36.217,63.783,36.217,328.45,0.03,0.0,2.37,2.24,32.8,4.0,67.2,81.6,82.7,34.7,0.1285671532623766,0.3919730282389532
Tanzania,2017,55652888.0,150417154803.0,3.3414302210835,7.18,7.07,-0.1099999999999994,2.46,34.795,65.205,34.795,336.63,0.04,0.0,2.35,2.38,32.1,4.6,67.9,81.65,84.0,35.2,0.1290139695895027,0.4019126778489181
Tanzania,2018,57437134.0,160884699826.0,3.15572113764533,7.43,7.31,-0.1200000000000001,2.32,31.737,68.263,31.737,344.73,0.03,0.0,2.23,2.52,34.9,5.4,65.1,79.85,81.9,32.099999999999994,0.1293588221167163,0.3706556507642302
Tanzania,2019,59174889.0,172128919031.0,2.98060939385811,7.88,7.77,-0.1100000000000003,2.58,33.205,66.795,33.205,337.19,0.03,0.0,2.48,2.62,37.7,6.0,62.3,78.15,81.0,26.8,0.1331645928393714,0.3532217316694203
Tanzania,2020,60972803.0,180418650860.0,2.99305168844906,7.94,7.83,-0.1100000000000003,3.24,41.379,58.621,41.379,298.85,0.03,0.0,3.14,2.34,39.9,6.9,60.1,76.6,78.0,27.099999999999994,0.1302219942225716,0.3263709128385255
Tanzania,2021,62830410.0,189343959556.0,3.00113934816488,8.79,8.65,-0.1399999999999988,3.19,36.879,63.121,36.879,320.23,0.03,0.0,3.09,2.77,42.7,7.8,57.3,74.75,76.7,22.700000000000003,0.1399004080985624,0.327635616155884
Tanzania,2022,64711822.0,198220407805.0,2.95046658393064,9.77,9.62,-0.1500000000000003,2.92,30.353,69.647,30.353,349.27,0.03,0.0,2.82,3.36,45.8,8.7,54.2,72.75,64.0,25.3,0.1509770502212099,0.3296442144567903
Tanzania,2023,66617607.0,,2.90250073555304,10.76,10.57,-0.1899999999999995,2.8,26.49,73.51,26.49,372.75,0.03,0.0,2.7,3.94,48.3,9.8,51.7,70.95,72.1,17.599999999999994,0.1615188609221583,0.334407579548982
Togo,2016,7200883.0,10960546310.0,2.51398996486491,1.69,0.94,-0.75,0.2,21.277,78.723,21.277,521.28,0.0,0.0,0.2,0.49,46.8,7.5,53.2,72.85,79.0,15.599999999999994,0.2346934396795504,0.501481708716988
Togo,2017,7324379.0,11420230383.0,2.49897565726694,1.55,0.81,-0.74,0.21,25.926,74.074,25.926,481.48,0.0,0.0,0.21,0.39,48.0,8.1,52.0,71.95,80.5,11.200000000000005,0.2116220364893733,0.4408792426861945
Togo,2018,7458205.0,11989462252.0,2.47179798610782,1.48,0.6,-0.88,0.21,35.0,65.0,35.0,400.0,0.01,0.0,0.2,0.24,50.0,9.0,50.0,70.5,73.7,16.900000000000006,0.1984391686739637,0.3968783373479275
Togo,2019,7619916.0,12579682405.0,2.44351209316794,1.45,0.61,-0.84,0.13,21.311,78.689,21.311,459.02,0.01,0.0,0.12,0.28,52.5,9.7,47.5,68.9,76.1,8.400000000000006,0.1902908116047473,0.3624586887709473
Togo,2020,7788058.0,12720130961.0,2.41247393684318,1.42,0.61,-0.8099999999999999,0.09,14.754,85.246,14.754,508.2,0.01,0.0,0.08,0.31,54.1,10.6,45.9,67.65,75.7,6.0,0.1823304346218274,0.3370248329423796
Togo,2021,7936185.0,13482266787.0,2.37825002957617,1.51,0.71,-0.8,0.16,22.535,77.465,22.535,464.79,0.07,0.0,0.09,0.33,55.7,11.4,44.3,66.44999999999999,75.3,3.700000000000003,0.1902677419944217,0.3415937917314574
Togo,2022,8068616.0,14265660408.0,2.35270895960531,2.03,0.9,-1.13,0.18,20.0,80.0,20.0,477.78,0.1,0.0,0.08,0.43,57.2,12.3,42.8,65.25,75.0,3.5,0.2515920946045765,0.43984631923877
Togo,2023,8223853.0,,2.33345506489111,2.25,0.71,-1.54,0.19,26.761,73.239,26.761,436.62,0.11,0.0,0.08,0.31,59.2,13.2,40.8,63.8,69.5,5.0,0.2735943845299764,0.4621526765709061
Tunisia,2016,11528676.0,124443824545.0,1.10253911569433,19.51,19.63,0.1199999999999974,0.63,3.209,96.791,3.209,563.42,0.11,0.47,0.05,11.06,100.0,99.8,0.0,0.0999999999999943,0.0,0.0,1.6923018740400024,1.6923018740400024
Tunisia,2017,11650504.0,127228891219.0,1.05116025482594,20.55,20.58,0.0299999999999975,0.6,2.915,97.085,2.915,566.08,0.13,0.45,0.02,11.65,100.0,99.9,0.0,0.0499999999999971,0.0,0.0,1.7638721895636449,1.7638721895636449
Tunisia,2018,11765515.0,130568635947.0,0.982378425356264,20.82,20.92,0.1000000000000014,0.55,2.629,97.371,2.629,567.4,0.08,0.45,0.02,11.87,99.8,99.9,0.2000000000000028,0.1500000000000056,0.4000000000000057,0.0999999999999943,1.7695782972526064,1.773124546345297
Tunisia,2019,11875084.0,132642060864.0,0.926946081730267,21.86,22.02,0.1600000000000001,0.69,3.134,96.866,3.134,564.94,0.12,0.5,0.07,12.44,100.0,99.9,0.0,0.0499999999999971,0.0,0.0,1.8408290838195331,1.8408290838195331
Tunisia,2020,11974058.0,120945694784.0,0.830022185577052,20.78,21.38,0.5999999999999979,0.67,3.134,96.866,3.134,564.55,0.15,0.47,0.05,12.07,99.9,99.9,0.0999999999999943,0.0999999999999943,0.2999999999999971,0.0,1.7354183519070978,1.7371555074145124
Tunisia,2021,12048625.0,126273349199.0,0.620790374510459,22.93,21.9,-1.0300000000000011,0.68,3.105,96.895,3.105,564.38,0.22,0.43,0.03,12.36,99.9,99.9,0.0999999999999943,0.0999999999999943,0.2999999999999971,0.0,1.9031217255080972,1.9050267522603577
Tunisia,2022,12119338.0,129457959410.0,0.585173208533683,23.98,21.41,-2.5700000000000003,0.65,3.036,96.964,3.036,565.62,0.32,0.32,0.01,12.11,100.0,99.9,0.0,0.0499999999999971,0.2999999999999971,0.0,1.9786559298865996,1.9786559298865996
Tunisia,2023,12200434.0,,0.666925034776371,23.78,21.28,-2.5,0.84,3.947,96.053,3.947,560.15,0.49,0.34,0.01,11.92,100.0,99.9,0.0,0.0499999999999971,0.0,0.0,1.9491109906418085,1.9491109906418085
Uganda,2016,38799153.0,76477462940.0,3.32192491389275,3.65,3.77,0.1200000000000001,3.7,98.143,1.857,98.143,55.7,0.04,0.0,3.3,0.21,26.7,1.1,73.3,86.1,82.3,42.5,0.0940742185789468,0.3523378972994263
Uganda,2017,40177384.0,81700865546.0,3.49059590870242,3.49,3.78,0.2899999999999996,3.71,98.148,1.852,98.148,47.62,0.06,0.0,3.44,0.18,32.4,1.1,67.6,83.25,77.0,36.6,0.086864789404905,0.2681012018669907
Uganda,2018,41565839.0,86196050499.0,3.39741097582772,4.1,4.3,0.2000000000000001,3.99,92.791,7.209,92.791,81.4,0.07,0.0,3.64,0.35,41.9,1.2,58.1,78.45,67.5,28.0,0.098638692220311,0.2354145399052769
Uganda,2019,42999636.0,92903828922.0,3.39132142318772,4.3,4.58,0.2800000000000002,4.44,96.943,3.057,96.943,56.77,0.13,0.0,4.04,0.26,41.3,1.3,58.7,78.7,68.2,29.200000000000003,0.1000008465187937,0.2421328002876363
Uganda,2020,44457148.0,91695146192.0,3.33341751069644,4.4,4.6,0.1999999999999993,4.48,97.391,2.609,97.391,54.35,0.14,0.0,4.08,0.25,42.1,1.4,57.9,78.25,67.2,29.90000000000001,0.0989717109158689,0.2350871993251043
Uganda,2021,45910931.0,97200521048.0,3.21773661761443,4.9,5.27,0.3699999999999992,5.14,97.533,2.467,97.533,55.03,0.13,0.0,4.64,0.29,45.2,1.5,54.8,76.65,64.1,27.700000000000003,0.1067283954664304,0.2361247687310407
Uganda,2022,47312718.0,101995416951.0,3.00759449042677,5.34,5.75,0.4100000000000001,5.6,97.391,2.609,97.391,57.39,0.15,0.0,4.98,0.33,47.1,1.6,52.9,75.65,64.1,28.0,0.1128660585511067,0.239630697560736
Uganda,2023,48656606.0,,2.80083228962433,5.33,5.77,0.4399999999999995,5.6,97.054,2.946,97.054,58.93,0.15,0.0,4.98,0.34,51.5,1.8,48.5,73.35,57.6,23.599999999999994,0.1095431933744001,0.2127052298532042
Zambia,2016,16914428.0,59592851316.0,3.09409054089327,13.16,11.77,-1.3900000000000006,11.1,94.308,5.692,94.308,65.42,0.0,0.0,11.02,0.77,35.4,13.3,64.6,75.65,90.1,30.099999999999994,0.7780339955924019,2.1978361457412485
Zambia,2017,17441328.0,61680980857.0,3.06754137743233,14.25,14.56,0.3100000000000005,12.57,86.332,13.668,86.332,125.0,0.0,0.0,12.49,1.82,40.3,12.8,59.7,73.45,86.0,24.8,0.8170249421374336,2.0273571765196863
Zambia,2018,17973574.0,64169815579.0,3.0060186177754,15.21,16.28,1.0700000000000005,13.78,84.644,15.356,84.644,140.66,0.0,0.0,13.71,2.29,40.2,12.1,59.8,73.85,87.6,23.700000000000003,0.8462423778375965,2.105080541884568
Zambia,2019,18513839.0,65094496543.0,2.96162166175699,14.01,14.79,0.7799999999999994,12.52,84.652,15.348,84.652,138.61,0.12,0.0,12.33,2.05,43.0,11.5,57.0,72.75,85.8,20.5,0.7567312214392704,1.7598400498587683
Zambia,2020,19059394.0,63281615083.0,2.9041649369132,14.02,15.23,1.2100000000000009,13.02,85.489,14.511,85.489,135.26,0.15,0.0,12.79,2.06,44.6,10.9,55.4,72.25,86.0,17.400000000000006,0.7355952660404628,1.6493167400010378
Zambia,2021,19603610.0,66191936884.0,2.81534240626742,15.59,17.72,2.129999999999999,16.3,91.986,8.014,91.986,86.91,0.15,0.0,16.07,1.54,46.7,10.2,53.3,71.55,85.5,14.299999999999995,0.7952616890460481,1.7029158223684115
Zambia,2022,20152935.0,68469600029.0,2.76365042984169,16.43,19.47,3.039999999999999,17.31,88.906,11.094,88.906,111.97,0.14,0.0,17.09,2.18,47.8,9.7,52.2,71.25,85.5,13.0,0.8152658657411439,1.7055771249814726
Zambia,2023,20723967.0,,2.79406758723844,16.09,19.46,3.370000000000001,17.32,89.003,10.997,89.003,111.0,0.15,0.0,17.09,2.16,51.1,9.2,48.9,69.85,82.4,10.099999999999994,0.7763957547317075,1.5193654691422849
Zimbabwe,2016,14600297.0,24362052665.0,1.38820029316449,9.02,7.17,-1.85,3.22,44.909,55.091,44.909,488.15,0.01,0.0,2.98,3.5,42.5,29.9,57.5,63.8,78.1,14.5,0.6177956516911951,1.4536368275086944
Zimbabwe,2017,14812484.0,25576014023.0,1.44285382068925,9.77,7.55,-2.22,4.13,54.702,45.298,54.702,403.97,0.01,0.0,3.97,3.05,44.0,29.9,56.0,63.05,75.8,14.5,0.6595787715281245,1.4990426625639193
Zimbabwe,2018,15034457.0,26786271482.0,1.48741637841697,10.45,9.43,-1.0199999999999996,5.25,55.673,44.327,55.673,395.55,0.01,0.0,5.05,3.73,45.4,30.1,54.6,62.25,73.6,14.599999999999994,0.6950699982047905,1.530991185473107
Zimbabwe,2019,15271377.0,25146416205.0,1.56353351552455,9.59,8.48,-1.1099999999999994,4.38,51.651,48.349,51.651,429.25,0.02,0.0,4.17,3.64,46.7,30.1,53.3,61.6,71.7,14.599999999999994,0.6279721861361945,1.3446941887284678
Zimbabwe,2020,15526887.0,23178707175.0,1.65935280874134,8.69,6.71,-1.9799999999999995,3.93,58.569,41.431,58.569,371.09,0.02,0.0,3.81,2.49,52.7,30.3,47.3,58.5,62.9,14.299999999999995,0.5596743249306831,1.062000616566761
Zimbabwe,2021,15797220.0,25140088767.0,1.72601114303872,10.31,8.57,-1.7400000000000002,6.06,70.712,29.288,70.712,269.55,0.02,0.0,5.93,2.31,49.0,30.3,51.0,60.35,68.4,14.700000000000005,0.6526464783044105,1.331931588376348
Zimbabwe,2022,16069061.0,25901585881.0,1.7062092862652,10.85,8.94,-1.91,6.02,67.338,32.662,67.338,297.54,0.03,0.0,5.88,2.66,50.1,30.5,49.9,59.7,66.3,11.0,0.6752105801328404,1.3477257088479846
Zimbabwe,2023,16340829.0,,1.67709591394986,11.99,9.99,-2.0,5.61,56.156,43.844,56.156,392.39,0.03,0.0,5.46,3.92,62.0,30.7,38.0,53.65,48.6,16.0,0.7337449036398337,1.1834595219997317
