model,split,target,r2,rmse,mae
growth_model,wf_2020,electricity_demand (TWh),0.9965029088910471,2.490813698771667,0.839894688172541
growth_model,wf_2020,electricity_demand_per_capita (MWh),0.9918090454388818,0.08500548950044831,0.0412702350360901
growth_model,wf_2020,electricity_demand_per_capita_with_access (MWh),0.9845197801595466,0.1221547484894656,0.0633514976986242
growth_model,wf_2020,energy_poverty_electricity (% of total population),0.8933162709859637,8.787917968273565,3.398543577330625
growth_model,wf_2020,energy_poverty_multidimensional (% of total population),0.9965667367492659,1.688207616327196,0.964526972210115
growth_model,wf_2020,carbon_intensity_elec,0.9813820604852307,32.43570129399223,23.603705511190487
persistence,wf_2020,electricity_demand (TWh),0.9984512279341184,1.6576068223069358,0.5758490566037736
persistence,wf_2020,electricity_demand_per_capita (MWh),0.9941013359189304,0.07213674575897397,0.03548659093313774
persistence,wf_2020,electricity_demand_per_capita_with_access (MWh),0.9850177825675019,0.12017381258846556,0.0658925338320886
persistence,wf_2020,energy_poverty_electricity (% of total population),0.9937098407281544,2.133868840021593,1.583018867924529
persistence,wf_2020,energy_poverty_multidimensional (% of total population),0.9979134390451949,1.3160968235873078,1.02688679245283
persistence,wf_2020,carbon_intensity_elec,0.9882895280976842,25.72436617478338,18.19735849056604
country_growth,wf_2020,electricity_demand (TWh),0.9975683695872057,2.07700028105855,0.792334130449879
country_growth,wf_2020,electricity_demand_per_capita (MWh),0.9915221608744781,0.0864813180080581,0.041810488306147295
country_growth,wf_2020,electricity_demand_per_capita_with_access (MWh),0.9837137169547497,0.12529472319618987,0.0656020131308146
country_growth,wf_2020,energy_poverty_electricity (% of total population),0.9945739012128281,1.9818954865461453,1.1187060902877999
country_growth,wf_2020,energy_poverty_multidimensional (% of total population),0.998784803603318,1.00437417955064,0.5801196721864931
country_growth,wf_2020,carbon_intensity_elec,0.9726587347366209,39.30671854124956,25.156613932256768
growth_model,wf_2021,electricity_demand (TWh),0.9988431159092599,1.4854688730461008,0.5997229847165002
growth_model,wf_2021,electricity_demand_per_capita (MWh),0.9979578706719947,0.042636307248533685,0.02724640785084254
growth_model,wf_2021,electricity_demand_per_capita_with_access (MWh),0.9940893832248833,0.07493797285662332,0.04952479306939956
growth_model,wf_2021,energy_poverty_electricity (% of total population),0.988797497068376,2.831844485404424,1.1655211736827784
growth_model,wf_2021,energy_poverty_multidimensional (% of total population),0.9984803539787119,1.1181047110718656,0.5885360142632636
growth_model,wf_2021,carbon_intensity_elec,0.9712220784686518,39.84695389272121,20.841828301184233
persistence,wf_2021,electricity_demand (TWh),0.9979977703086504,1.9542295687935864,0.8009433962264149
persistence,wf_2021,electricity_demand_per_capita (MWh),0.9978172523019809,0.04407981177670438,0.026213918257923678
persistence,wf_2021,electricity_demand_per_capita_with_access (MWh),0.9921563288102017,0.08632671790752972,0.050751290740075915
persistence,wf_2021,energy_poverty_electricity (% of total population),0.9941397249715533,2.0481929449206304,1.6339622641509435
persistence,wf_2021,energy_poverty_multidimensional (% of total population),0.9976626787117214,1.386661526357188,1.0801886792452837
persistence,wf_2021,carbon_intensity_elec,0.9667259004192145,42.84681765334349,21.281320754716983
country_growth,wf_2021,electricity_demand (TWh),0.99844965989284,1.719618555371259,0.7084279266901394
country_growth,wf_2021,electricity_demand_per_capita (MWh),0.9972510570300326,0.04946759846939914,0.032428669025231345
country_growth,wf_2021,electricity_demand_per_capita_with_access (MWh),0.9912425871856598,0.0912165098184617,0.061176532102787576
country_growth,wf_2021,energy_poverty_electricity (% of total population),0.9972277137815316,1.4087401734769531,0.6940330817026743
country_growth,wf_2021,energy_poverty_multidimensional (% of total population),0.9993322647060802,0.7411624780028884,0.3713053307290656
country_growth,wf_2021,carbon_intensity_elec,0.964992695805698,43.94857008894705,22.32385488563458
growth_model,wf_2022,electricity_demand (TWh),0.998902475105489,1.4566836049266585,0.48244253504082124
growth_model,wf_2022,electricity_demand_per_capita (MWh),0.9982525945378776,0.03980103335681352,0.023242813035860725
growth_model,wf_2022,electricity_demand_per_capita_with_access (MWh),0.9961647268001406,0.06132350880076739,0.043493443993035966
growth_model,wf_2022,energy_poverty_electricity (% of total population),0.990393860492584,2.594580564667231,1.5204390438563147
growth_model,wf_2022,energy_poverty_multidimensional (% of total population),0.9981992590564085,1.2101946000420787,0.7226684389339104
growth_model,wf_2022,carbon_intensity_elec,0.9877595885848818,25.716198802639997,18.548521366205772
persistence,wf_2022,electricity_demand (TWh),0.9990105395101473,1.383111750079345,0.631509433962264
persistence,wf_2022,electricity_demand_per_capita (MWh),0.9978038567419802,0.044619822324718464,0.027551910155112276
persistence,wf_2022,electricity_demand_per_capita_with_access (MWh),0.9966263818534102,0.057514428071654876,0.03892941551644674
persistence,wf_2022,energy_poverty_electricity (% of total population),0.9912621028086886,2.474549701746783,1.3396226415094339
persistence,wf_2022,energy_poverty_multidimensional (% of total population),0.9975804988434889,1.4027895053166086,0.8665094339622645
persistence,wf_2022,carbon_intensity_elec,0.9905517665667422,22.59352917048062,14.346603773584903
country_growth,wf_2022,electricity_demand (TWh),0.999709185229811,0.7498359742498495,0.4005659380199589
country_growth,wf_2022,electricity_demand_per_capita (MWh),0.9981429500753952,0.04103073465486835,0.026202981773290543
country_growth,wf_2022,electricity_demand_per_capita_with_access (MWh),0.995431218870984,0.06693126297844532,0.047559612777071165
country_growth,wf_2022,energy_poverty_electricity (% of total population),0.9920791493540952,2.3560181295670364,1.2303338921714508
country_growth,wf_2022,energy_poverty_multidimensional (% of total population),0.9982930727131357,1.1782490591755357,0.5898374216829984
country_growth,wf_2022,carbon_intensity_elec,0.9851583298487329,28.317189983653304,19.774782277918433
growth_model,wf_2023,electricity_demand (TWh),0.9976830925071909,2.123390070770235,0.7434193409648098
growth_model,wf_2023,electricity_demand_per_capita (MWh),0.9934800831513412,0.07626378832396342,0.04262248239515295
growth_model,wf_2023,electricity_demand_per_capita_with_access (MWh),0.9855219337642784,0.11753771051591852,0.07509487064415012
growth_model,wf_2023,energy_poverty_electricity (% of total population),0.9848423603551812,3.233937867154784,1.9258192884861103
growth_model,wf_2023,energy_poverty_multidimensional (% of total population),0.9974205888686154,1.4394474727552458,0.8428489661985912
growth_model,wf_2023,carbon_intensity_elec,0.9702756369475637,40.6238527817303,24.88225520602739
persistence,wf_2023,electricity_demand (TWh),0.9989599408996045,1.42267088703965,0.7030188679245278
persistence,wf_2023,electricity_demand_per_capita (MWh),0.9950390399771509,0.06652428412585919,0.03814977608019737
persistence,wf_2023,electricity_demand_per_capita_with_access (MWh),0.9856392580164456,0.11706050331519155,0.07451627655729542
persistence,wf_2023,energy_poverty_electricity (% of total population),0.9826708974330901,3.457832236182794,2.1811320754716976
persistence,wf_2023,energy_poverty_multidimensional (% of total population),0.995021681984715,1.9997552916332277,1.3570754716981128
persistence,wf_2023,carbon_intensity_elec,0.9704549816525646,40.50111346759423,21.663220528802768
country_growth,wf_2023,electricity_demand (TWh),0.999470705362838,1.014902172232646,0.5630053822333801
country_growth,wf_2023,electricity_demand_per_capita (MWh),0.9940138515221234,0.07307538101291651,0.041242709025545214
country_growth,wf_2023,electricity_demand_per_capita_with_access (MWh),0.9847174848088697,0.12075896036903695,0.07571813497238156
country_growth,wf_2023,energy_poverty_electricity (% of total population),0.9892101861623968,2.7284930913567855,1.6259823514878564
country_growth,wf_2023,energy_poverty_multidimensional (% of total population),0.9975493364355865,1.4030636836094592,0.8136679152734053
country_growth,wf_2023,carbon_intensity_elec,0.9655929189719953,43.70677338153809,26.30152179204968
growth_model,wf_2024,electricity_demand (TWh),0.9963024680453669,2.866003404863536,1.001576447637487
growth_model,wf_2024,electricity_demand_per_capita (MWh),0.9975261724684925,0.04786056417976578,0.02772662817433639
growth_model,wf_2024,electricity_demand_per_capita_with_access (MWh),0.9937359100693974,0.0776851393312966,0.05321384815427895
growth_model,wf_2024,energy_poverty_electricity (% of total population),0.989116489101,2.6261858346149434,1.6632830908268228
growth_model,wf_2024,energy_poverty_multidimensional (% of total population),0.9985508447655214,1.0740980296530902,0.789466947432413
growth_model,wf_2024,carbon_intensity_elec,0.9966062589732531,13.360815001340143,10.655754618114887
persistence,wf_2024,electricity_demand (TWh),0.9956502556305242,3.1085123801523564,0.9213029658244627
persistence,wf_2024,electricity_demand_per_capita (MWh),0.9982782395843646,0.03992817533378231,0.02252807137146989
persistence,wf_2024,electricity_demand_per_capita_with_access (MWh),0.9935392542560779,0.07889514561023538,0.05375124210297099
persistence,wf_2024,energy_poverty_electricity (% of total population),0.9808699022205573,3.4817656882237653,2.407692307692308
persistence,wf_2024,energy_poverty_multidimensional (% of total population),0.9977699986931847,1.3324134982625324,1.0122767857142905
persistence,wf_2024,carbon_intensity_elec,0.9979429984185513,10.401857841113753,7.3633744894916715
country_growth,wf_2024,electricity_demand (TWh),0.9961683776812567,2.9175081721104035,1.0481103553729803
country_growth,wf_2024,electricity_demand_per_capita (MWh),0.997319176881438,0.049822691434590935,0.03020498077433925
country_growth,wf_2024,electricity_demand_per_capita_with_access (MWh),0.993473916935803,0.07929307415515519,0.05640776766448003
country_growth,wf_2024,energy_poverty_electricity (% of total population),0.9865445743717387,2.9200458201229567,1.76513664218745
country_growth,wf_2024,energy_poverty_multidimensional (% of total population),0.9990365583122651,0.8757883868111644,0.5632881991436137
country_growth,wf_2024,carbon_intensity_elec,0.9959952254250038,14.513850284297426,9.135440367005831
growth_model,wf_2025,electricity_demand (TWh),0.9985278554606862,1.8114522831795035,0.6270913789185677
growth_model,wf_2025,electricity_demand_per_capita (MWh),0.9991723832437654,0.02770570960597416,0.015932325356014018
growth_model,wf_2025,electricity_demand_per_capita_with_access (MWh),0.9974834025110114,0.04901438827383894,0.034744525948814824
growth_model,wf_2025,energy_poverty_electricity (% of total population),0.9871682938162302,2.8653748827721546,1.6368506204120927
growth_model,wf_2025,energy_poverty_multidimensional (% of total population),0.9995147443051039,0.620790938998496,0.44274176719973474
growth_model,wf_2025,carbon_intensity_elec,0.9974692368439616,11.555243319154998,7.724149052052353
persistence,wf_2025,electricity_demand (TWh),0.9977425652959226,2.2431549324626645,0.9123701559814801
persistence,wf_2025,electricity_demand_per_capita (MWh),0.9984642500502303,0.037741129666336116,0.020648343287370727
persistence,wf_2025,electricity_demand_per_capita_with_access (MWh),0.9963873781623236,0.05872566707792676,0.03731555106611131
persistence,wf_2025,energy_poverty_electricity (% of total population),0.9910309752398642,2.395586504093054,1.6284384804300382
persistence,wf_2025,energy_poverty_multidimensional (% of total population),0.9981511649402727,1.2117391312592742,0.9845753205128328
persistence,wf_2025,carbon_intensity_elec,0.9973805117922026,11.756053860532957,7.959026811535328
country_growth,wf_2025,electricity_demand (TWh),0.9988209880914571,1.6211035920915529,0.46605526050583984
country_growth,wf_2025,electricity_demand_per_capita (MWh),0.9993941769239151,0.023704322455095152,0.009430602419360145
country_growth,wf_2025,electricity_demand_per_capita_with_access (MWh),0.9975500521532085,0.048360983795431314,0.029970396380168886
country_growth,wf_2025,energy_poverty_electricity (% of total population),0.9917331901844899,2.2998961143900294,1.3590131079493695
country_growth,wf_2025,energy_poverty_multidimensional (% of total population),0.9999397865969876,0.21867877638521813,0.1372924229523265
country_growth,wf_2025,carbon_intensity_elec,0.9991480090952697,6.704568349786949,3.2701444232787575
